artist_id,artist_name
artist_id,artist_name
12429072,隔壁老樊
31876221,柏松
5781,薛之谦
3684,林俊杰
2116,陈奕迅
5771,许嵩
31376161,颜人中
32220939,en
12002248,沈以诚
1197168,徐秉龙
4292,李荣浩
861777,华晨宇
3685,林宥嘉
12138269,毛不易
12084497,宝石gem
30116848,阿冗
13608761,尚士达
30284835,枯木逢春
5538,汪苏泷
29392693,解忧邵帅
6460,张学友
1083118,王嘉尔
12085016,接个吻，开一枪
29069586,王小帅
32399227,王巨星
12084229,焦迈奇
12493781,Lil Ghost小鬼
2843,郭顶
12448205,永彬Ryan.B
12136078,葛东琪
13058503,尤长靖
30616479,小咪
33191836,cv初恋
6457,张国荣
6731,赵雷
6472,张杰
31255686,巧乐兹
28602303,陈阳
12121264,Ice Paper
5346,王力宏
1199064,福克斯
4393,李代沫
5770,许巍
6462,张敬轩
12904290,王恩信Est
6066,杨宗纬
31253654,井胧
6452,周杰伦
3691,刘德华
12788674,刘聪KEY.L
12570153,浪子康
4721,朴树
6479,周柏豪
4723,潘玮柏
6469,张宇
12091048,王泽科
1058228,陈鸿宇
12236125,王以太
28304831,吕口口
12286700,虎二
31093891,阿虾
13906123,张紫豪
13609637,马良
980025,周兴哲
12003125,林啟得
187229,吴青峰
6453,张震岳
12027122,G2er
3699,李克勤
31668975,Lambert
12227290,BigYear大年
865007,法老
1203045,艾热
6652,周传雄
784257,Jony J
964108,吴亦凡
1142042,徐梦圆
1030001,周深
826336,马雨阳
1132127,萧忆情Alex
12268138,Todd Li
13899303,杨和苏KeyNG
12287118,Ayo97
12538467,千里狗
1094010,摩登兄弟刘宇宁
14420803,陈雪燃
5196,陶喆
3066,胡彦斌
15060490,野区歌神
188694,蒋蒋
5205,谭咏麟
5001,简弘亦
2112,陈小春
31093298,阿'Quan
6456,周华健
13933117,陈泫孝（大泫）
32846313,赵砚卿
28633062,张泽熙
12136042,光泽
28387245,安筱冷
12429072,隔壁老樊
12002248,沈以诚
1197168,徐秉龙
12138269,毛不易
12084497,宝石gem
30116848,阿冗
13608761,尚士达
30284835,枯木逢春
29392693,解忧邵帅
12085016,接个吻，开一枪
29069586,王小帅
12084229,焦迈奇
31255686,巧乐兹
28602303,陈阳
1199064,福克斯
12904290,王恩信Est
31253654,井胧
12788674,刘聪KEY.L
12570153,浪子康
12236125,王以太
28304831,吕口口
12286700,虎二
31093891,阿虾
13906123,张紫豪
13609637,马良
12003125,林啟得
12027122,G2er
12227290,BigYear大年
1203045,艾热
1142042,徐梦圆
12268138,Todd Li
12287118,Ayo97
12538467,千里狗
15060490,野区歌神
31093298,阿'Quan
28633062,张泽熙
13449630,吉野千夜
12065015,隆历奇
13796614,南子
12270575,孟凡明
12146142,大壮
12060040,杜宣达达达
12275389,沈虫虫
1159101,$CC731
13793914,姜鹏Calm
13286745,еяхат музыка
1140028,承利
30476442,可有道
30709773,Abdulla Abdurehim 阿不都拉
12798217,刘思鉴
12128251,逆时针向
1198010,暗杠
12185665,C.vo
27906095,苏靖凯
13681463,崔铭嘉
12083175,排骨教主
13610762,LookedatHerFore
12094419,羽肿
1159045,齐一
13145283,ICE
12002056,张小九
14608268,Corki
12570017,MOMINJAN_ABLIKIM穆明江
30600467,DJ阿超
12083570,YKEY
12760978,广东雨神
12157298,刘炫廷
12699514,张小伙
12464053,巴音汗
12138252,张雪飞
12071015,SeanT肖恩恩
30477866,浪子鹏鹏
12270100,大喜
12497529,ZzHhOoUuZzHhAaNnGgYu
30000267,蔡耀轩
12079066,Lil Jet
12287780,前男友
28611837,田新宇
12027624,栗先达
13113634,李欣龙啊
13288861,马也_Crabbit
12605500,大傻DamnShine
12118230,钱正昊
12282733,黑崎子
12094099,徐真真
12156137,太一
12079219,李佳隆
30129806,Razz_
12002137,周佳顺
12641107,阳山伟伟
12453329,功夫胖KungFuPen
12460308,于大海（于黑蛋）
12306430,邓壬鑫
12357157,新秀
29581111,RoiMarch
12205361,刘莱斯
12094558,Buzzy
12050038,DJ阿福
12367021,AlimjanHasan
12349011,李学仕
28387245,安筱冷
1876,阿杜
1012032,平凡的艾岩
1087200,HAS AThree
187295,Assen捷
1881,阿木
12037042,Atom Panda
1879,安琥
1877,阿牛
1132222,abduwali tohti
1875,阿信
1106124,阿杰729
860734,艾索
2422,阿鲲
1132013,A路人
10998,爱乐团王超
802016,安来宁
13222299,安浩辰
1058073,阿力木江·托合提
12441083,傲日其愣
964311,阿良良木健
1080022,Fumos
14469086,阿金和玄子
12132566,安苏羽
804159,阿力普
762462,阿见
1885,阿炳
784443,阿来
1102011,阿尔法
1047066,阿摩司
1081117,Azoy
28085543,安浩唏
1122109,Allfine
12074017,Andy Mei
1873,阿宝
1919,AP满人
1910,阿德
1045019,阿尔达克
1886,艾斯卡尔
28102547,艾羽
13012223,ANY安伟
1049340,akbar ahmat ziba
1888,阿穆隆
6713,AJ张杰
1980,安神
12054096,阿力木
1905,阿吉仔
1054175,AiPi 
229593,艾克拜尔·吐尔地
1893,阿里
1047377,艾尼瓦尔江
1945,安东阳
12046022,Arivval
14098477,艾文同学
1084038,Akbar Kahriman
1872,阿沁
1961,阿译
1053043,陌逸轩
1039377,阿狸
727015,AL=六甲官锭
12039231,艾山江·木合塔尔
12870537,Alex Hong
1912,阿清
1021394,阿四龙
1039594,AKA道长
1161024,AC周予天
1054144,Annco.Liu
893266,A3
1925,奥杰阿格
862110,敖日格乐
832010,曹翟
1075100,ABSDJHONG
1882,阿强
854301,安平
1906,阿龙正罡
1904,阿爆
27695719,安亚晨
1050612,积木立方
1060224,Kadirya
1902,阿振
12108783,阿尔曼
1907,阿勇泽让
12334206,艾伦
1878,DJ-Varc
12053547,艾克里里
12311249,傲日其楞
1054102,YoungDrake
1039416,Anchoe
1039871,AHJOL''RAHEM HALIP
1072035,李傲然Ao.D.Fish
203228,Ap
12203229,阿影
12942194,安然
1081603,Animal Pop
1155078,安乐阳
677006,阿普萨萨
12263222,敖犬
1040062,Akber
1081930,AseLOrDa
805076,ANNER
30405247,半阳
12356407,白小白
1039011,Bilal Enwer
12493701,布瑞吉Bridge
13058487,毕雯珺
13058488,卜凡
1085053,变奏的梦想
839689,HAS SAM努尔夏提
12091076,白宇
909029,白举纲
1084207,白亮
29500595,白嘉峻
1048054,Braska
1050807,白宁
1054040,冰块先生
1047238,白挺
12259146,Black.Key
2098,暴林
2026,布仁巴雅尔
2087,波拉
13059430,贝汯璘
2063,白玛多吉
1094177,包威尔
30530394,白谭
1131033,拜合提亚bahtiyar aziz
2066,伯爵
12263329,白泽
2033,包朝克
12041068,白敬亭
2048,百慕三石
816079,薄彩生
30109388,贝乐虎
2103,血男孩
2034,鲍比达
1053147,笨笨口琴
12457194,边江
13568181,音墨泽
28900233,博仔
1132200,包胡尔查
2055,白天不亮
12090249,孛儿只斤·包迪
12279094,鲍鹏
2056,拜尔
1057198,B.C.W.懒领阶级
1038371,BlurryCloud
12523451,BrAnTB
2049,卞留念
12647412,巴图
14714187,薄云天
1044102,Viper毒蛇
2104,Beatsound
12817024,白静晨
2032,贝玛千贝仁波切
868113,BigKey
1078363,巴顿
14100563,白菜
2060,白羽
1081918,Ballrockin
1047011,白客
1032406,波比
2059,毕书尽
12263538,白凯南
2061,包伍
12646188,贲小伟
14100790,北疯
1060060,斑辣个马
1150216,巴图
11992127,包贝尔
2050,白音孟和
12108685,BLOW
12107259,白勺
12344330,BackToBand
900335,卜凡
1057274,包青山
12607112,白悟言
1060124,周迪
1040104,Blindman
28085512,北戴河蔡各庄小学合唱团
29148257,北京蓝天艺术合唱小组
2025,B6
12421010,卜文武
1087669,BK532
1032373,边远
2071,白龙
12309204,BuddahKillah
228408,Bloody Woods
15023268,BOWZ 豹子胆
1038088,贝歌
1047265,波仔
30616567,白兮晨
13498726,百灵
2030,百川
2073,鲍元恺
1047057,BEC包子
2054,白金
2101,Barry
12493121,YoungBoyDan
27692361,北木森
13706227,表哥
1065002,Bikman
2116,陈奕迅
1058228,陈鸿宇
14420803,陈雪燃
2112,陈小春
13933117,陈泫孝（大泫）
2127,陈柏宇
12079044,陈硕子
12095299,陈柯宇
2115,陈百强
12131566,CLOUDWANG 王云
2117,侧田
2201,陈势安
13056440,陈立农
2199,陈威全
2121,蔡旻佑
2331,陈翔
2110,曹格
12634049,丛铭君
2124,陈楚生
2118,成龙
1084178,Candy_Wind
2150,陈冠蒲
1044054,R7CKY
963409,陈学冬
12132471,陈信喆
2159,曹轩宾
189379,陈鹏杰
1038074,茶茶
2122,陈冠希
2294,陈光荣
28083351,CORSAK
31055,Cee
2111,崔健
14100493,崔伟立
2130,蔡国权
963431,陈致逸
2153,常石磊
12879051,陈红鲤
2125,陈晓东
2338,船长
1043290,传琦SAMA
14470079,CG
6557,曾一鸣
2147,陈旭
2113,车继铃
12474254,陈飞宇
2135,陈勋奇
13228454,蔡威泽
964450,陈奕夫
2141,陈雷
2134,陈坤
2131,川子
12023426,CARTA
2164,陈伟霆
12010027,陈柏霖
6608,曾志伟
28103230,蔡维泽
2202,陈其钢
6862,曾志豪
168021,陈俊彤
1041027,Chace
12312092,曹方瑞
224360,陈亮
28085360,林童学
900139,曾经艺也
2209,陈少华
2138,陈浩民
2414,曹越
2276,崔京浩
1046063,蔡方萌
1132979,蔡照
1043304,曹思义
941023,曹槽
826307,陈晓
2448,曹秦
2428,陈劭康KOMIC
2119,蔡国庆
2336,程池
854358,陈令韬
168042,曹寅
29150296,岑先生
1014024,茶季杨
2375,蔡志展
1149014,厨房仔
1152025,陈知&游园惊梦
958173,才让东珠
991003,崔跃文
727005,陈赫
2133,陈奂仁
2174,陈底里
2278,陈百潭
12488046,陈玮镔
2348,陈零九
2230,陈雅森
14713124,陈彦希REGI
12617485,崔忠华
2224,春雷
6521,曾航生
1049254,崔鹏
13080644,陈泽鑫
12059017,雷智皓
12333145,DP龙猪
12054456,董又霖
2516,迪克牛仔
2524,大张伟
12250324,DJ马哥
791534,戴荃
12291332,dj
1143033,队长
1135138,浩宝
12440042,邓伦
671001,东南
1203015,Dough-Boy
2699,东篱
2514,蛋堡
2623,邓超
28072811,Dizkar (地磁卡）
2517,刀郎
12902436,豆心
2515,窦唯
188681,大鹏
2607,多亮
2522,杜德伟
1088061,DELA
896942,冬子
1087662,董昱昆
2518,东来东往
13058489,丁泽仁
2617,邓川
12787446,杜佳阳
189918,杜海涛
12629402,大星
2569,丁可
2513,冬子
1053107,DJ建斌
1038381,DJ张扬
28083561,旦增尼玛
2545,丁于
5068,单色凌
12194338,DJ阿奇
2614,大哲
2632,代理仁
927045,单海锋
13056441,邓烺怡
12894239,丁世光
12273260,董子健
1049022,烛鷷大魔王
1057162,德格叶
2578,大冰
27695243,大一学长
2527,DJ宝贝
1079143,蛋卷
2520,东山少爷
12154277,DJ
2525,戴玉强
783379,杜歌
947023,董冬冬
2531,邓健泓
12311533,邓力玮
2519,董运昌
1050280,于亮
1025229,DJ YiXiu 
30618393,迪迪
1060122,Mr-Brilliance
2528,刁寒
12040073,丁冠森
2521,邓伟标
12046643,杜天皓
1058138,大琴师音乐游戏
2562,窦智孔
1075130,CHYUCE
2548,杜聪
2591,单小源
11428,狄奥尼索斯
12202469,丁一潇
12048310,杜青
1039543,DjCore
1055010,DJ小杨
2888,狄易达
12137020,邓鼓
12810118,旦增才让
2675,杜淳
1097163,Dark Moon
13497827,滇津喇嘛
1085030,敌门
2605,丁汀
2526,窦鹏
1066056,dj皇家礼炮
1137192,DJ小鱼儿
28083320,段星宇
12047840,段宜恩
955037,丁乔
28083231,邓典
2682,丁炜
1046175,戴凤鑫
12107621,豆腐P
896569,旦旦
31153662,癫癫癫
990092,Digifan
12566301,大震
189955,蔡翊昇
1085108,哦漏
1039899,eliaqsopa
896894,贰佰
1192402,二龙湖浩哥
2714,EDIQ
12370200,Evis Wy
1043383,Elvins.J
966153,EdJean
1089203,Elfar
2727,二文
12263011,二亮哥
1040044,enderdz
1046270,ETIRAZ
905634,二凉
1050341,EACH9
1019328,EDEN
1049900,冉明阳
2720,贰贝勒J.Forest
1080049,“阿兰姐”
12263400,Egil Ellevill
981041,Eveight
2723,Ezfic
816055,Easy Mind
13195211,二辰
1053149,EDMarco
1050576,EXIA
905009,治静E.N
2716,诶姆
12871192,EC一平
13971421,Empty ORio
12404124,Eric Song
29356229,贰鹏
30109512,EAT扬扬
1050175,二龙
2730,Eugene Pao
2735,EazyToo
30110310,Entspannung Pur
30617579,Emily Hsieh
27888574,二夫
30616419,Ethan
1093034,EryXDY
12743011,Erick Blu
1047206,Electronic Dance Music
12332127,二飞
1031114,换号中bigbus
12170031,耳机
975774,二向柚
1073043,ElectronOscillator
2718,enlil
1039919,EI身份证
2710,恩炀
1039579,Emxi
29356296,ev
1038223,一针见喜
28390340,恩佐
31153477,E-Van
27888504,鹅王章祥福
30109289,Eudaimony
14099080,E&M经贸民谣
29302237,Enyx
12492296,Eggace
27693297,二少爷爷
12213188,俄比尔古
12403137,尔冬明
1054116,儿时玩具
12363201,ERIC
1049964,E.D.J HyunYu
12074153,EY魂
1039900,EC Robot
1135273,Eric
1039360,ElectricGirl
1049701,FM97-28
2728,二宝
1043309,耳东 
2724,E歌
938073,二玩家
2721,eclove23
2717,Ethen Chen
865007,法老
2738,方大同
12213335,枫宇辰
30035218,费启鸣
13056442,范丞丞
2747,费玉清
2742,方泂镔
12028291,伏仪
2739,方力申
2775,樊凡
1163007,方磊
1032016,风子
12356808,范世錡
27694696,枫叶
2736,范逸臣
956281,符家浚
2741,房祖名
1024309,Fcyco
1038367,HAO付豪
2768,付笛声
1085058,coco这个李文
2743,费翔
957020,冯佳界
1081940,甫平
2791,付辛博
1020150,李汶峰
1132196,冯建宇
842003,程渤智
30892253,方洋飞
1081292,Firah
228462,冯翰铭
1131048,付浩天
2754,冯晓泉
2793,樊少华
2816,冯绍峰
2749,范圣琦
2740,傅聪
12202478,房亮亮
2802,肥宝
1025042,梵墨
1078032,林屿森LIN
2752,方锦龙
12644597,方逸伦
1043488,范恩
1039404,Forkyrie
896230,冯巩
2829,范星光
2737,范宗沛
2764,范思威
1084058,方毅
2777,符致逸
4544,佛山DJ明仔
13840462,房岩
2753,冯德伦
862024,范忆堂
28391507,付飞社
30316233,FreeT
2778,冯言
2758,冯乔
12451181,费清波
4546,封浩彦MACKYO
2765,范振锋
1049257,冯小波
2762,方奕
2757,傅振辉
12430082,FZ.方丈
2786,范睿
2827,付豪
12325107,绯太子
12250285,吠人
13683991,翻唱群星
1047027,Ferrison
1057234,FACEVÔID
1124320,肥坨坨FatToc
725039,冯允谦
28387442,冯舆轩
1022050,Fattwo
1115016,FOM
12006244,冯果
12332149,冯傑龙
2839,飞翔
1041080,冯博
2788,Faber
2803,范圣霖
2813,冯泽雨
12289150,付一珩
2750,Finn
2761,浮克
818227,傅松
1016120,冯光
2792,冯磊
2769,冯伟棠
30107315,RocketBunny-火箭兔
1047302,符号
28391606,冯达
31153490,方书剑
787065,浮游人-TonY
809018,Ca$hFlow
12023140,傅超华
11993031,冯驿芙
2843,郭顶
12136078,葛东琪
12136042,光泽
2849,古巨基
1211046,GAI周延
2842,光良
12050057,G.G(张思源)
1008034,鬼卞
1044203,郭旭
12023517,宫阁
2852,郭富城
5311,苟瀚中
2868,关喆
13497197,高尔宣
168010,葛林
1177230,Gill Chang
12213153,梁根荣
2963,高安
13080288,关大洲
2922,郭德纲
13058582,跟风超人
2848,郭峰
2861,关楚耀
2863,高进
2874,顾峰
1124172,高文强
2853,关正杰
1041024,GNS耀耀
2870,甘仕良
12399037,国风Dom.T
2959,根呷
11974118,郭子睿
13973042,谷嘉诚
2892,高林生
27889345,官鸿
2947,国蛋
2987,郭一凡
12197292,高泰宇
2856,高枫
2862,龚一
2859,管平湖
2850,顾嘉辉
2844,古天乐
2994,尕让邓真
1049033,高铭
2846,高明骏
13228424,023 GC
3007,郭少杰
2851,郭子
12998047,郭思达
12931831,高火火
13497261,谷江山
27695695,国哥
1043146,光合唱片
12023557,高旗
2953,高鹏
2885,光头李进
2981,葛平
2867,哏德全
2875,郭浩男
1132850,顾稚蔚
820439,谷柏杉
12332258,郭麒麟
12475595,高晓攀
3042,高正洋
2962,格茸农布
2887,高向鹏
2847,郭伟亮
30315465,顾振遐
2979,格杰白玛
2928,高夫
2946,刮刮乐
2857,高凌风
2878,顾海滨
3020,过江龙
12370146,关力瑒
1137380,官云康
3029,高信
1053246,郭纯
2872,关德辉
2912,郭炳坚
2841,高晓松
187480,高英杰
2931,关峡
2911,郭颂
1049027,郭京飞
2969,关泽楠
2871,广智
975574,GrymeMan
2890,恭硕良
2945,歌浴森
30472245,郭力
12073830,葛笑
2899,关贵敏
12274269,高华阳
905095,嘎玛西周
2960,高韶青
908209,Gordon扬豆仔
13059434,GIGEL张津铭
3031,关栋天
861777,华晨宇
3066,胡彦斌
3064,胡歌
12065096,黄旭
3249,河图
1049179,Hanser
1177014,韩安旭
12598950,RA
3273,胡夏
3071,郝云
3063,黄义达
3348,回音哥
3073,黄凯芹
30471284,何野
3058,后弦
3415,霍尊
3079,黄品源
1025202,黄子韬
3256,黄明志
13159024,海来阿木
3421,黄勇
3081,胡伟立
3072,韩磊
3118,黑龙
3086,海鸣威
1011192,黑羊
3272,韩庚
1006030,洪尘
12773144,韩沐伯
1081579,黄雨篱
1049349,胡碧乔
3059,黄霑
3070,黄玠
3337,黄艺明
3224,洪楗华
12488022,黄榕生
839761,何流
3082,黄安
3255,黄渤
3094,黄晓明
3085,韩寒
3330,胡鸿钧
12915311,浩纹
1019154,黄礼格
3307,晃儿
13059437,黄新淳
3181,贺一航
3120,霍建华
3311,海生
12598388,胡蒎
3090,何炅
3322,黄英华
3126,黄宗泽
3093,黄征
1081917,Ghayrat Mahmut
3116,黄家强
13059435,何东东
12487019,洪雨雷
12379051,何柏诚
1182797,浩天
3080,黄贯中
13972353,火火兔
3121,黄阅
3259,呼斯楞
94064,Howie Lee
3112,何润东
3378,何崇志
3250,火风
1181165,何大河
3162,胡兵
3069,洪启
1039086,何星烁RapStar
12073309,侯明昊
30617412,何石
3068,黄大炜
3056,胡德夫
3096,贺西格
3166,黄鹤翔
3123,黄国俊
3276,何晟铭
3075,何训田
3146,侯旭
3076,黄秋生
12458021,韩毅
3065,黄立行
1006027,涵昱
3061,黄磊
3210,慧普法师
1081256,和弦
3424,黄平
1068009,前后动机直升机组合
3055,何勇
3362,何鹏
1050409,Jason Huang
13056444,韩雍杰
12796041,胡一天
3408,海哲明
13056448,黄书豪
3317,灰原穷
12727068,荷叶
11975111,ilem
1132544,Iceloki
1038374,iMoon
11987075,impossibleChuck
956418,InfiniteMusic
1047333,iCsuo
31524954,Isaac Yong
900332,imeatART
133386,I N K 本墨导窒
1039978,ilham丁丁
1083022,iimmune
1039395,IANNE
1031042,ibinbao
28085491,ianbird 吴冠亨
820494,Inbellum
1000135,"I,Defiance"
3438,iiiis
28390292,Ian Yu
29356237,illusory李虚无
13738116,ins白日说唱家
13707529,IL CANTO
12263528,Imc王辰
13430213,Infernal Chaos
1161208,Izumi koga
1050737,Ilya Ai Wei
1081840,irevan
1039393,IMAGINE
1049076,Inspiration Crowd
3445,Intangible Ism
1044068,IMCUICUI
1031052,Impractical Scraps
188694,蒋蒋
5001,简弘亦
166014,金志文
13057497,黄明昊 (Justin)
827163,金贵晟
3459,姜玉阳
3535,Jason Chen
3456,姜育恒
29148309,江映东
1047078,江南诚
1071076,姜贰拾
3464,江涛
3452,蒋大为
789380,J-Sleeper性感的拖鞋
30316310,姜凯文
1182757,J.R.G.
12262268,金6
3558,蒋明
28085561,JZN
187010,J. Sheon
27694332,贾盛强
1015710,江潮
3526,JR Fog
12488044,贾昱
1097081,JK.Chen
1063007,居来
30618494,金瀚
3453,蒋志光
3536,金培达
3450,几米
13839019,俊俊
3600,江智民
3539,井柏然
3528,靳松
3454,贾鹏芳
13226406,JK LEE
187394,精气神制作
12369108,精神领袖佛爷
3466,姜鹏
31155447,贾凡
905426,金润吉
1049680,吉克曲布
12634598,JV陈政文
1106073,贾乃亮
1098154,JZlee
1038368,贾巴阿叁
12914018,JOHN$
1081155,蒋劲夫
3613,纪晓斌
13059443,J-ONE
13059438,伽里
1099005,小简
3537,鞠起
3562,金复载
3499,景岗山
5839,解小东
187203,坚持者
187061,解晓东
13056451,靖佩瑶
190079,家家
3463,江得胜
13059442,姜京佐
3594,蒋山
1124432,JeamsKing
3504,君君
3521,姜洋
729003,贾涛
1038398,纪粹希
225978,JOE WANG
1049408,姜潮
3511,蒋月泉
12488021,聚来提
3576,金玥
3451,金城武
3591,甲雍
1060009,JIANG.x
3515,Jeff李
13500157,觉醒爷爷
3534,贾鹏新
3498,金学峰
1084122,进恩哥
12526089,$NGK
1156032,靳东
792823,苏珂
3524,极泷
3572,君子
12279763,江都子
1057168,九御kyuugo
3563,金久哲
1047250,吉克杰拉
3461,江凯文
999454,金宇晨
1039055,井宁
3541,姜昆
3462,吉杰
1038352,蒋敦豪
3551,金泽
982004,宸毅
1156277,甲雍喇嘛
1050231,金熙泽
1047064,KBShinya
862058,卡修Rui
13737107,可有道
12261311,柯镇恶
12024274,Kafe.Hu
12493703,K ELEVEN
1019172,凯玟桑
3617,柯有伦
13974121,孔舒航
27694228,康天庥
3670,康梓峰
3625,卡卡
3616,KenT
3658,克尔曼
3619,孔令奇
911042,康硕Kenny
3614,柯受良
3672,柯暮卿
991002,柯智棠
3627,康康
12048189,孔东东
3654,柯震东
12811143,KEVSER
12467220,K2
686006,康康
5980,阚立文
222404,卡斯Kas$
1081372,孔岱山
1019155,孔垂楠
1060093,Keyshawn Binean
3651,KT
3649,昆虫白
868001,KillerBlood
1080047,宗儒
13972448,空城mill
3624,孔祥东
3641,凯撒
28387568,K乐
1135192,张童
12356071,凯文
3643,Kositu
1038242,堪布贝玛千贝仁波切
1161004,开松法师
3621,克里木
3623,康万生
1081974,Koowho
3646,科尔沁夫
1069015,杨文博Poe
1043220,Killazer
3626,柯羽
12290110,康桥
1099008,KNXER
12048059,康榕
11974222,柯智豪
3620,孔宏伟
1088051,KB
1050581,Rayyy
1050144,库亦晨
3640,Kz
27693543,抗癌露露
758285,Karma Kid
1132845,K邵庄
3642,康然
12107391,康武军
3636,Know Hope Collective
12467039,K.Scarlet
3639,恐龙李
12171212,康志雄
1094139,Ken-Ming Yang
12869562,Kitson Lau
961279,孔一兵
1046036,口琴ok
3680,亢帅克
1039553,K'桑
1079139,卡列宁
13222461,可力
3638,孔锵
1049889,凯歌
30109610,康乐亥牙
12945681,康成
3644,坤鹏
1039757,孔熙俊
12073350,寇麟
12061058,Knopha
3661,开克尔曼尼
15249167,郭凯文
1039449,Kit.Tam
12086178,邝雨翔
13021354,柯海霞
12061236,邝鉴萍
29150357,KNNNT
1044036,Kael 鹿帆
12408142,张晓天
1049872,Kalen邱志凯
12400042,康绍云
13499905,堪布松柏仁波切
1043285,kico
1047200,Foobar
3630,空气球
994003,开鹏程
3684,林俊杰
4292,李荣浩
3685,林宥嘉
12493781,Lil Ghost小鬼
4393,李代沫
3691,刘德华
3699,李克勤
3683,李宗盛
981141,伦桑
3695,李健
3705,李圣杰
166010,梁博
3692,林志炫
30107224,林俊呈
13022016,廖俊涛
12359437,李常超 (Lao乾妈)
3706,林子祥
4171,刘昊霖
3694,罗志祥
3722,梁汉文
932053,蓝波
3697,卢冠廷
791331,刘梓炎
12080400,李俊佑
1025271,刘旭阳
3690,卢广仲
4080,刘心
12523349,卢焱
3682,老狼
3765,李易峰
3701,黎明
4084,林奕匡
4069,六哲
31153220,赖冠霖
3848,刘允乐
1060132,柳爽
13056454,灵超
3686,罗大佑
4130,李玉刚
3812,刘可
3698,罗文
12602151,李现
4093,李行亮
1038093,鹿晗
13058498,林彦俊
1040035,李雪莱 
1047239,流浪的蛙蛙
13059447,林超泽
1047298,CADY
1021328,李子阳
1043161,Lil Boo
1039839,李森茂
3723,吕方
13056453,李权哲
3704,林志颖
4006,梁晓雪
13057676,李希侃
4125,骆集益
893267,李琦
4015,冷漠
13056456,陆定昊
3747,刘嘉亮
4055,赖伟锋
4188,刘佳
3768,李绍继
12675220,李朝
4037,Lu1
791054,刘锦泽
12263292,六月
3688,刘欢
1051026,廖效浓
13059444,李俊毅
4320,刘辰希
4047,李志辉
4089,李炜
3793,陆虎
12010120,李硕
3752,李维
855488,罗艺恒
3799,林依轮
1039750,李智
229341,刘维
813095,励志豪
3871,刘胡轶
4464,梁雨
3715,梁朝伟
12349677,Lamp Ho
30891244,刘宇
12066116,李艺皓
744274,蓝乐
3707,郎朗
3702,林峯
12457105,李秉成
3762,吕思清
3827,李琛
3732,罗百吉
905491,老虎欧巴
3751,刘浩龙
936007,李明霖
3952,卢小旭
826336,马雨阳
1094010,摩登兄弟刘宇宁
188141,满舒克
4479,MC Hotdog
4569,麦振鸿
4483,麦浚龙
1132392,马思唯
1049168,MuSik I
12413,慕寒
187903,Mc光光
4621,闫东炜
1038238,Mario
4485,马天宇
13415208,Max马俊
4486,毛宁
1050630,孟大宝
1043170,冰鑫
13056459,木子洋
12114132,森田
4552,毛毛
792162,M80
1041122,Mr.岑
896927,莫西子诗
4513,馒头
4488,满文军
1049174,慕斯の小乖
1089210,MyT1aN
1060200,Mr.16罗隽永
1039222,梅粮新
1063055,Merdan Ablikim
12389238,MJ-7
1132719,Mardan·omar（买尔旦·吾买尔）
4592,马頔
571797,chill boy
189932,猫饭
4480,马条
12136063,寐加岛
1058114,马融
13485144,MC七星
4481,满江
1043199,MC-5
12335229,Mc名决
1156176,孟可
4527,马上又
12914544,马伯骞
13497629,孟子坤
12084382,Mc阿哲
12263877,Mc轩颜
858161,马潇
12024162,门小强
4651,马博
4578,莫染
4489,MC仁
1039663,Mc苏刚
1182160,木梳
30470286,孟维来
12506190,Mc楚新
4532,马闯
4490,马浚伟
896274,mAjorHon
12132083,Mc阳子
13971031,面筋哥
203214,马如龙
957152,喵步小雨中
1105059,方仔Rich John
4561,马三立
12233014,Mc画师
817036,蒙面哥
13923069,面具锋
29304235,Melo
1032310,漠城
816093,茉莉僧
12091064,MLK麋鹿王国
1049093,MILLAN
11976077,Matzka玛斯卡
12154030,MC星辰
4538,马常胜
4607,马丁
4482,麻吉弟弟
12061030,漠心藤
12515196,MC阿泽哥
4492,马念先
4533,马海生
4566,梅岭
1038382,苗雨
12309156,Mc熙阳
1053118,Mllano
4496,麦子杰
12309126,MC武帝
12263031,幕人
4568,马志明
894087,马季
4619,马旭东
27695688,牟天任
896782,苗阜
12064064,Muma木马
4548,梅兰芳
4574,孟广禄
789391,马戏团小丑
4508,马德钟
12514278,那吾克热-NW
990051,泥鳅Niko
190349,NL不分
1074042,Noicybino
980113,宁桓宇
4678,南宫嘉骏
985227,南风ZJN
4672,倪安东
12049020,Nurmuhammat Tursun
12049170,Nurim Kuanix
1039882,Nellee
4656,牛建党
1049392,宁夏
4662,南风（姜海龙）
1050258,Nayim.Nabi
12908088,你样哥
30894239,南风
12091030,牛歌
1053166,南玛子呷
804367,南城二哥
1019301,宁林
1046339,南瓜饭
12196231,拿哥
12776731,尼格买提·热合曼
1050110,还没睡醒的DiDi
1057144,嫩桃弟弟
12108665,奶猴子
12098066,南派三叔
12312084,聂枫
14055176,倪可
29302224,Neko
1049185,聂远
14713145,南明东
4666,聂禹
27813407,南拳妈妈弹头
935138,倪力
1001005,牛牛
189831,Nencol 
1050265,No.6
4677,宁峰
27693341,奶油小生
13644134,尼多
30892388,霓虹爱神Neon Eros
4686,南卓仁波切
12042046,牛骏峰
1041070,乃日戈
797362,埖小迪
1027039,暖场小粽子
1124323,男森RAP
28391235,怒道诗情
13580194,嗯哼
1019357,Nacid
28897355,娘吾加
4665,牛朝阳
29500423,牛王
12408261,男众法师
4660,钮大可
1040204,逆风而行
27694545,奶昔
1039680,南涩雨
862131,倪敏然
1062006,南建雄
12348450,南宫
27695986,南昌Djkevin
1039848,Nano33号
29596520,弄青_Leon
1079101,南一
1044122,南味SOUTHFEEL
30618288,Ntz
1181764,宁新兵
13192098,南芊羽
29490668,纳兰萌达
1019003,Nic-BOOM
4669,糯米
1193191,尼块
29150288,南初
220970,NANCY
13971260,农面哥
13643094,霓歌
1039297,NEMY金属怪兽
29354223,暖猫
1040026,NO.59
356702,聂杰铭
1054031,牛冰
27694175,宁群
12209024,NEWYOUNGGO
28390532,倪洁
12335177,诺一
4664,男子汉乐团
1000103,Inspiration
27693670,男神
4667,聂琳峰
30616388,牛牛凯
4659,Noiser luo
1041003,泥丸
12262225,NGC
12107162,牛欢
1049159,Nathan Pelupessy
29150298,楠飞
15255223,NEOSO
4693,欧得洋
12060060,OB03
4694,欧阳靖
896460,欧豪
4715,欧阳尚尚
4695,欧翠峰
12493704,OG ROLLY
4700,欧汉声
4691,Okna Tsahan Zam
1066075,黄秋颖
4705,欧阳青
15023173,欧俊诚
12996970,欧阳俊
1024400,OCULAR
1087808,OWL Records
1044086,Ops.7
13643049,讴洋
28899259,one0none
3665,Orientlic
12049171,osman mamitimin
4692,Oscar
14098645,ORI
15024239,欧阳圣康
12488167,OK绷
12279524,欧霖
12062259,欧阳文宸
4697,欧阳浩瀚
12469061,HeOho
30615508,OC Jimmy
13734113,欧阳雄波
28390404,欧锦衡
1124169,欧阳屌宏Willow
4712,Octave 20
4719,讴歌
4696,欧阳德勋
14057095,欧阳原野
30615428,欧阳阿成
13023779,欧阳兆桦
14098024,欧拍乐
12279035,欧阳基
11992096,欧华
1057079,昭和三色_
1024100,欧阳曹亮
229959,OG-K
758364,OscillatorZ
4707,欧阳巽涛
4720,Ones Day
28085334,欧牧优诺
4708,欧中建
12213242,欧阳皖
4704,欧阳清风
1135222,ODYSSEY_
30618433,欧阳大江
1049806,欧阳光
13160089,欧景智
1039334,OP.X
12279033,欧宇轩
4714,欧华成
12067017,ODd
4706,欧育齐
1132265,Ordy
4698,欧阳辉
851769,欧尔格力
4717,欧元
4713,欧昌彬
4721,朴树
4723,潘玮柏
4726,Pianoboy高至豪
11974049,鹏泊
4755,品冠
1050465,Panta.Q
4764,潘柯夫
4725,庞龙
4759,彭钧
1041119,Pahirdin-Rahman帕合热丁
4777,平安
1024310,帕尔哈提
29303235,PSY.P
4752,彭于晏
1046460,潘广益
1047180,潘松和
4732,潘长江
4731,潘安邦
4722,彭坦
12080220,PoKeR
12054555,潘粤明
12145025,彭昱畅
5809,潘晓峰
975410,Wanbless
1049684,彭飞
867021,李峥
4761,平远
1081420,彭锐
28387259,彭子龙
4733,蒲巴甲
13972112,彭楚粤
1049757,刘森林
31330249,Pudding_PD
1077048,潘雨轩
1132712,橙汁studio
849055,park
14470145,炮哥
4728,彭健新
13080326,彭成
30405235,牌晓亮
4757,庞晓宇
4756,Peter Lai
1178287,派伟俊
4776,PDP
28276386,屁孩 Ryan
4771,彭柯
4724,潘裕文
797002,潘高峰
11992123,潘斌龙
1132019,P2Pover
1077015,Phany
1039016,潘鹏展 
4775,彭远扬
686007,潘寅林
1124514,Penguin Wang
1047024,Polymath9
1049209,彭冠英
15023261,彭宇星
4727,潘协庆
4750,飘张
13429083,庞明昊
4778,Chatomato
1075125,Peterovic
28391597,彭帅
12121083,潘云安
1038396,咖咖
1039859,FBR
12170246,朴翔
12008095,彭宇
935112,彭博
4729,潘劲东
4744,彭修文
12475313,狍子
13046208,庞飞
906049,Pancakelee
832021,彭高平
12869643,Parkson博彦朝
4749,彭为
1043454,Pipy He
29148357,普乐民
4736,普布次仁
1081067,潘富顷
12331138,片旭·更松塔叶
228527,潘云峰
1044270,彭三
12474781,彭洛
4730,葡桃
4738,潘军
854436,庞锟
4767,彭亮
31155519,朴爱源
4763,怕黑
1132869,Young Jr.
12107301,PEATLE
11976085,培杰
4786,平川
12462045,庞哲
1160037,潘马达
28391220,胖姐瘦弟儿组合
4765,朴一泽
784257,Jony J
4873,奇然
12279998,邱振哲
30617634,祁闻冥轩
4813,齐秦
12775210,秦奋
4793,乔任梁
1071024,前冲
4837,邱永传
12776890,屈原
1047440,秦昊
817039,乔佳旭
894026,祁圣翰
4833,祁隆
4711,区瑞强
1043222,秋野
1057170,邱琢然
4848,齐士扬
4811,秦立巍
13058501,秦子墨
4831,乔洋
1047118,秋裤大叔
12007157,秦博
168002,权振东
916042,邱锋泽
12525569,乔杉
981008,邱比（CHIU PI）
4863,齐晨
4797,齐峰
190494,邱胜翊
4829,裘盛戎
991161,裘繼戎子千
11975215,邱英杰
4812,七郎
4815,齐.宝力高
12049173,Qara Etrapqa
13056461,邱治谐
203034,秦万民
1077018,邱霖Big L
1043142,齐会超
4851,祺云法师
1088058,秦景轩
14923036,区智健ONO
1102124,琪叔
28391569,祁岩
4807,秦咏
1131007,乔乾师
12462405,清云法师
4809,齐旦布
189453,秦勇
12995546,乞丐
1063018,浅蓝
900051,乔军
4824,曲泉丞
12218115,秦旭章
12441224,邱小龙
1053113,谦木
4841,乔珊
896234,奇志
1089215,七手
4861,崎君
13920104,青梅拉萨
12532734,气质傲
4806,青山
28103379,邱虹凯
4854,乔嘉
12213092,秦四风
12290292,祁富贵
226363,乔振宇
4828,晴天
13429295,浅堤
30035234,邱伟林
12475335,qasa
1074004,曲艺
223761,邱杨
4796,邱泽
1019302,祈合
4795,秦永
12096248,乔赫伦
1087673,乔晨
1047241,千草仙
1039227,陆本平
789928,秦艺天
12676109,钱程
13642211,曲迦仁波切
12231097,齐乐
27696000,乔子寒
14056282,青草地
1193200,秦麦洛桑活佛
30891220,七月的大喵
4802,钱萌生
12525596,气质陵晗
12311245,丘沛宸
13226317,青海华少
12136066,齐羽
12598090,齐羽嘉
1040020,邱添
12095133,齐霖
11976031,青岛小强
12263065,强歌
4895,任贤齐
4923,任浩铭
1110009,Riyat.Yusup（热亚提.玉苏甫）
1081483,Robot-Boy
12355767,饶威
4883,容中尔甲
12274111,任嘉伦
1019069,任路加
1015114,任东
4896,戎祥
1038361,Roh
1039251,RPZ
4926,任宇翔
1081769,Thunse
4919,任和
1063168,RYLIA
4908,任震昊
625242,RPG
4905,任同祥
4882,热西·才让旦
31064307,RYOTA 片山凉太
13500622,热亚提
4898,阮经天
4893,任岩
1036007,任重
13057502,Rapen罗仁麒
12074191,任向东
4902,润土
4917,Ricky Ho
28083455,Ronin
12526504,任立佳
4894,饶宁新
1081449,李旭
4901,饶天亮
4924,阮以伟
1027034,Xerls
916051,仁青宫宝
1089070,阮明杰
14471196,rap祥龙
711587,任承浩
30530296,瑞瑞
12198163,蔡小江
1078327,rovinabc
4892,日波益西仁波切
4890,日京江羽人
12409239,日道法师
4888,阮兆祥
4881,仁科
1132068,魜
1049065,任永恒
12131160,Remix Music TV
12154250,任柏儒
4922,荣星宇
894015,任鲁豫
975738,Helix.T
1132402,任健
13197392,Restonia
4918,刃ASURA
1040160,任阳
12053410,任子墨
861596,任飞扬
12031078,RCJacH
1050432,Robin Cised Woffis
1039206,任衍锟
1086016,荣子yJan
30107404,人生感悟
12234069,芮嘉言
12409240,如通居士
1132187,Rabbit-lcc
1047272,软木
12142123,Rise
14884059,Ray Lin
4920,阮仕春
27889242,染辰
28390327,任宏
30618283,EGOBOI
4889,任鹏
99602,Redkey
1040031,RRON
1063080,Talkbox Roc Kit
1039883,荣鑫
1116106,任意门
1192304,瑞彦·迷嘉尔 MIKHAÉL
12213118,Rap大军
12031270,R8o
28390432,任士荣
1058126,RoseKhalifa
29151301,任毅
1039710,任梦良
28085575,Rgry
27694262,任代兵
1058236,Runner
1050397,Rejor
1039352,REVOLVER山猫
187369,Random Soul
4884,Roger
4891,戎梵
1032315,孙悦鸣
13971038,任强
4911,任军太
1132749,Shang
1178207,沈谧仁
1146106,苏琛
4941,孙楠
1044144,三亩地
5103,孙子涵
4947,孙耀威
797087,smile_小千
5073,宋冬野
4948,苏永康
12869694,霄磊
5047,胜屿
43515,Sbazzo
768266,Galaxy Knight
5022,孙伯纶
12184070,苏凡
5084,石头
4936,宋岳庭
4942,沙宝亮
1037013,少恭
4959,誓言
12976513,scaredkrow
1047049,Yoken_Official
12336312,SEVEN TANG
1098139,SynBlazer
5087,SOCO真
12126487,孙晨
12870689,孙方
4938,苏醒
5106,Keyso寿君超
1039243,Soul
1049990,Upuk
4935,爽子
1159133,深七
28083380,斯外戈
1041026,沙皮
1039650,S9ryne 
43884,Senpai
15022274,书泽运
5039,石进
13226089,孙翔
1089111,孙八一
190497,萨满
4940,苏有朋
4934,苏阳
5025,孙浩
5158,桑吉平措
5000,三木科
30110421,SoulFa 灵魂沙发
1047197,山下直人
1156455,沈腾
27695967,诗者言辞
13195159,苏大大
27693606,圣结石
12680069,Silver Strike
896003,沈震轩
1192515,盛一伦
12024179,嵩宇哲Nature
12925116,沈煜伦
4943,三宝
4951,施文斌
5015,宋捷
12036058,孙红雷
820276,李懋扬(T2o)
12364210,sususu
4968,孙国庆
13161108,索当珠
12154080,邵洪
13059449,孙浩然
12024178,水月
1132572,舒大卫
1081895,Shepqet
5168,撒贝宁
1081875,邵言
1039716,宋晓峰
787035,依兴驰
30892252,沈天行
4964,索朗扎西
5008,沈懿
12916043,Seanie P
1132060,Satchel
693018,宋小宝
5018,孙辉
12031343,孙晓磊
1041137,孙长老
12122233,税子洺
12006015,三郎
1078072,顺德
5013,孙晔
1047357,史小鹏
1132057,Heki
4976,孙小宝
5079,孙川
818242,帅霖
5005,师鹏
1040093,沈波
1081368,十年时间
4953,沈文程
5136,沈文裕
4937,沈庆
5196,陶喆
5205,谭咏麟
5195,Tank
1087592,唐汉霄
12492058,陶孟童
1086078,Ty.
787107,陶峻汐
5200,屠洪刚
12931942,田羽生
5198,腾格尔
1193004,唐伯虎Annie
5197,童安格
955095,图特哈蒙
5199,邰正宵
5234,佟大为
5206,唐磊
1050510,TSAR
1155005,Terry Zhong
5227,唐禹哲
5257,谭杰希
5207,泰迪罗宾
12488134,脱景麟
5246,田一龙
12602331,T.Song
12039096,TZ
5203,汤潮
1050530,Toby Davis
5243,谭盾
13056460,覃俊毅
31156486,仝卓
12870490,Toryondacloud
1087265,Umvt
5208,谭炎健
437343,Lonzo
5247,汤子星
29151329,唐永海
908122,覃桢
5274,汤非
1039419,Tolein
220920,田亮
5285,The Lee's
1116074,谭水明
1032152,TENG
5238,佟铁鑫
5316,泰然
28085237,田燚
5231,屠颖
2000,塔斯肯
1046418,TopManss
5260,谭富英
1058065,Taikes
670008,覃元隆
5232,田家达
2579,汀洋
5233,谭炳文
12250256,The8
27695662,TONY REY 凯睿
13059450,Traple赵凌峰
12975415,天舞
817010,陶辰宇
962175,谭旋
13500260,Theseus 忒修斯
805086,TedJon
15023211,The Lighters 萊特
5251,唐人踢
5284,烧包谷
5317,唐建平
1043219,田宇杨子
5201,童孔
1132174,TYRX
5225,谭宝硕
5221,谈欣
27692717,Tencent TIMI AUDIO
1088056,NPC
5248,陶培力
29488468,Tz-south
12409177,陶思哲
1039199,檀健次
12067068,Trojanese(魏宇凡）
5252,铁热沁夫
187966,田娃
222813,汉堡（田野）
1057175,Tonino祖力
5277,谭建建
5213,唐尼
5215,谭耀文
203383,TORO
985262,唐龙
1011107,天庥
29354330,田木易
1045039,田宝
12289176,提笔陈词
12364168,田源
12121259,佟梦实
826350,唐鑫
1064008,田校同
791155,唐音工作室
1049766,田振达
5293,陶十八
1049639,田博
1050140,逆流Group
1087332,Uncle Hu
1087008,Ulysses
1040136,UNDERAQUE
13158027,U记仝人
1050281,Cilantro_killer
12675884,USAGii
1039046,Uncle Martin
30243665,Uriah See
28390422,U.G
237262,UP
1049083,VESK GREEN 青菜
5342,V.K克
789949,VISUDY
1087294,Sound Page
14101634,VOGUE 5
1192469,Vacance.ZEN
12279905,Vanilla
1053284,Vous Records
1063151,VincentSax
15021141,V何杰V
1060100,Neo Zhang
1050440,Veeos
978071,vinck
14655580,Vol.2
29355335,Victor
1050792,Var3D
28420103,vanderCC
1040036,Volley
14713159,Vashon先生
1039828,Vegetarian Lion
14099343,Veronique B
29355222,Vorang王睿
12903495,VINEM
12412082,Vittoria Hilz
1050459,Vica_Scream
12323154,VANITAS
1045023,VeduYao
12067038,Vonenzo Baschello
817015,Vanhci
1135230,VICON
30617577,Vladimir Alexandrovich Lovchikov
1132526,名词
12561869,viky
1106026,VAIOTME
11977081,Vacen奕忠
1044078,VISIN
1051025,Vai
1040098,Houliiy
1048033,VOICHAN
776642,Valentina Villarroel
1039825,ven
5538,汪苏泷
1083118,王嘉尔
12121264,Ice Paper
5346,王力宏
12091048,王泽科
187229,吴青峰
964108,吴亦凡
5354,伍佰
5358,王杰
5349,魏晨
12871618,王一博
1047237,五音Jw
966016,吾恩
5568,Winky诗
827615,王博文
12007112,王宇良
956386,王源
12122236,翁梓铭
999220,王俊凯
12488150,L4WUDU
13058502,王子异
5347,汪峰
12302029,王冕
28083340,王北车
1181154,吾尊
5427,王强
1181775,翁大涵
31154649,王梦瑶
5350,吴克群
5359,巫启贤
794040,W.K.
5357,伍思凯
12144105,魏大勋
1058098,王晰
1023010,魏小涵
5352,王梵瑞
5678,五色石南叶
29357279,吴司令
12320060,王齐铭WatchMe
12488048,王广允
5499,王艺翔
5549,王睿
5531,王童语
5356,吴奇隆
12656186,王圣锋
792664,王大痣
1097092,王愚
1032316,王亚东
5425,王祖蓝
1043093,Toy王奕
5360,吴宗宪
5345,万晓利
5532,吴忠明
13432218,吴磊
5550,武艺
5365,温兆伦
5444,王鹤铮
5362,王俊雄
1154033,王帝
11992064,吴磊
5520,王震
5620,王闻
5418,王宝强
12487017,魏巡
5431,王绎龙
1047178,吴业坤
13923085,伍嘉成
1047389,王上
787166,王骞Boc
5529,吴彤
12462214,王鹤棣
5546,吴欣睿
5379,韦礼安
1039296,王朝
5518,王铮亮
1165056,Smelly D
27888364,吴希泽
1049306,汪定中
12122114,文颖秋（CΛNDY）
1047281,文子轩
11977185,王景飞
188556,王宝
5670,汪东城
5593,完玛三智
1063066,文劲松
5388,翁立友
12785065,伟东
5600,文章
5370,王栎鑫
3669,王三溥
1041154,WARISJAN ABDUREHIM
5603,王备
896550,王晓天
1161188,王建荣
5888,韦星弟
187872,吴镇宇
12202284,王大陆
12274169,王峰
12090205,王不火
5700,乌达木
5781,薛之谦
5771,许嵩
30616479,小咪
5770,许巍
1132127,萧忆情Alex
5929,徐良
12205044,新旭
5768,萧敬腾
5944,夏天Alex
1047088,小魂
1115075,西瓜JUN
1083049,夏小虎
5997,小曲儿
12977618,小阿枫
1124093,西奥Sio
5871,许廷铿
5782,许冠杰
5774,萧煌奇
1047348,西瓜Kune
5787,许志安
1035021,许一鸣
13972109,肖战
12450235,小来哥
1178126,小洲
847107,谢帝
13059454,徐圣恩
5769,信
1214021,新疆群星
12000097,许魏洲
12263331,小阿堂
12132342,徐子洋
12219072,绪尘
813196,许镜清
5767,谢天笑
5793,小沈阳
12107630,许天昱
5780,西皮士
12145073,夏子皓
1049020,谢旦
14920045,Young T
5806,许绍洋
1038353,西楼
5998,Xun（易硕成）
1046333,小少焱
5775,熊天平
1018121,潇梦临
6040,萧全
5894,徐鲤
1046288,肖家永
5798,小肥
5897,谢天华
1039518,小vie
5773,谢霆锋
12774907,晓华
5801,小曾
5766,小河
12166196,小艾EYE
5924,小5
5772,小柯
5875,邪恶少年EB
189307,小右
174009,谢震廷
1005028,徐大乐
5951,小贱
5849,谢东
12061156,箱子君
13080286,鑫哥
5776,小宇
5810,徐嘉良
5995,小猛
5866,小安
1094279,谢博哲
13057504,许凯皓
12475601,徐天意
837328,许鹤缤
1102063,谢昊轩
186010,徐克
1081202,谢雨维
12250110,肖央
12111129,希介
5786,徐誉滕
225767,Danny_AhBoy许佳麟
5785,谢军
5788,小虫
1064054,西山居游戏音乐
981058,小荣童鞋
6055,小臭臭
5819,徐靖博
5783,小安
5797,许明
1190143,许钧
1075068,徐涛
5779,薛岳
1050785,习冠
1132686,徐云霄
5936,笑天
5795,熊汝霖
5937,许之糯
1087660,ANK
1049696,老猫
12448205,永彬Ryan.B
13058503,尤长靖
6066,杨宗纬
13899303,杨和苏KeyNG
1079074,余佳运
6290,音频怪物
939088,易烊千玺
1050364,Yee
6211,幼稚园杀手
1047065,佑可猫
6076,俞灏明
975714,叶洛洛
13159050,于嘉乐
6068,杨坤
6075,庾澄庆
905413,于湉
6070,游鸿明
6071,杨培安
947031,于嘉萌
6099,雨天
4903,尧十三
6288,颜小健
6107,易欣
13056466,杨非同
12378044,杨搏
956206,岳云鹏
6208,炎亚纶
188735,于毅
6098,叶启田
1047223,玉璇玑
13057509,岳岳
6100,余文乐
13057508,余明君
6085,阎维文
824125,尹熙水
844123,云飞
6091,宇桐非
30529299,御鹿神谷
1054173,杨洋
787025,杨栋梁
6079,言承旭
1024313,余枫
12975701,盈妹妹
6443,印能法师
6240,于魁智
12487045,尹毓恪
12515120,易自豪
12047214,杨博然
6094,叶世荣
1156283,于荣光
6092,亚东
12263502,夜未央
1158062,养鸡YoungG
808050,杨炅翰
14118414,优秀少年好好
1038053,颜韵Ycy
12074935,袁弘
1040173,艺涛
1193417,于朦胧
12468212,杨晓川
6097,叶振棠
6145,尹相杰
6072,永邦
6309,Young Mai
6084,杨嘉松
1064070,叶健
11991172,云天_Cloud
12615040,一盛
6108,叶文辉
13791380,妖蝠
12474633,杨梓鑫
1046018,余柯
6090,杨瑞代
813378,约瑟翰庞麦郎
1132938,月代彩
6359,亦勋
6064,袁惟仁
12458077,伊黎哈穆
12219142,雅阁陌迁
30110465,姚大
6067,尹吾
6116,尤大淳
1122024,杨桐 (Toarey Yang)
736013,YoungQueenz
6120,袁小迪
6156,杨洪基
12441085,杨旭
6171,郁钧剑
1063217,印良法师
6157,杨家成
1039555,鱼果
12369048,杨琨
1047252,袁接伟
12074471,于子将
6223,袁野
6183,袁景
27695692,有点焦绿
1078374,伊丽莎白鼠
12048127,杨玏
1132770,yocho
6460,张学友
6457,张国荣
6731,赵雷
6472,张杰
6462,张敬轩
6452,周杰伦
6479,周柏豪
6469,张宇
980025,周兴哲
6453,张震岳
6652,周传雄
1030001,周深
6456,周华健
6454,张信哲
1038040,赵紫骅
12369107,朱兴东
6473,郑中基
6681,张翰
12120150,朱星杰
13057513,朱正廷
990177,赵海洋
1032247,赵钶
6491,郑伊健
6487,张智霖
1047015,张艺兴
6459,张雨生
6468,郑智化
6730,周汤豪
6480,张栋梁
13972443,孤万上
166016,张赫宣
1085116,张希
6495,钟镇涛
6458,郑钧
13057511,郑锐彬
6464,张卫健
6467,左小祖咒
13128293,张云雷
13058505,周锐
171008,朱梓骁
816103,纣王老胡
6498,郑少秋
6455,张楚
6729,赵照
1078020,朱强
6725,郑国锋
6474,钟立风
1078291,翟
6470,郑源
6463,赵传
12151013,朱一龙
961075,赵泳鑫
6483,赵鹏
13058506,周彦辰
6891,赵英俊
1146108,朱贺
12261191,张文成
1049983,张一山
1049276,知性的小方块
6670,左宏元
794076,张宇桦
6520,张振宇
6501,张明敏
1026080,张鸿宇
6936,张北北
1071044,张渠
6481,张洪量
10704,赵鑫
6752,郑建鹏
6676,张津涤
992001,张阳阳
12917484,周震南
6982,祝贺
6488,张过年
229274,郑海龙
6661,周志华
12154356,张穆庭
6509,赵季平
12355484,张小厚
1097002,詹昊晁
1132738,张磊
1049200,周星驰
1043044,中国放碟者
30891458,在忠
816009,左立
6492,钟汉良
1060061,郑冰冰
939083,郑俊弘
6497,周国贤
6692,钟明秋
12172114,子明
6476,张智成
6494,张镐哲
1047307,正云
864025,张亮
6461,周云蓬
952073,赵烁
6500,张克帆
942075,周品
817016,张静波
7763,G.E.M.邓紫棋
14312549,王贰浪
8103,花粥
29999237,丫蛋蛋
7214,蔡健雅
1007170,陈粒
12023202,赵方婧
9272,孙燕姿
12382970,陈雪凝
9621,王菲
12025552,双笙
32208979,Uu
31802946,程佳佳
1137391,雷雨心
9548,田馥甄
9255,任然
8926,莫文蔚
30285885,等什么君
12085562,买辣椒也用券
10204,杨千嬅
12292708,周思涵
7063,A-Lin
12408182,薛明媛
12308369,黄诗扶
9808,王胜娚
12867228,戴羽彤
12923493,二胖u
188565,银临
893259,金玟岐
30285508,王玉萌
30700959,superluckyqi
12419710,曲肖冰
10558,周笔畅
12077204,陈壹千
8336,林忆莲
12172529,封茗囧菌
9940,徐佳莹
7891,韩红
8325,梁静茹
7219,蔡依林
8326,刘若英
32725601,苏晗
10473,袁娅维
31051426,杨胖雨
12258420,AY楊佬叁
7898,HITA
12276375,NINEONE#
12262303,于果
12797890,吴奕妤
1024308,张碧晨
1039895,谢春花
12277185,锦零
768208,AGA
906118,洛天依
30207301,蓝心羽
1038099,VaVa毛衍七
7225,陈慧娴
10559,张惠妹
13288117,小星星Aurora
10199,杨丞琳
28863695,司南
188558,Aki阿杰
9952,谢安琪
12206844,丁芙妮
10572,张芸京
12358435,很美味
7122,阿肆
32674400,你的二智bb
12038016,李瑨瑶
961358,不才
12459252,宿羽阳
12003038,凯瑟喵
12037181,徐海俏
7570,邓丽君
12048239,王梓钰
9941,许飞
12390184,王天戈
7409,岑宁儿
12037229,木小雅
1071031,Jam
1056002,三无MarBlue
10200,郁可唯
8334,刘惜君
12158146,王七七
9605,卫兰
7217,陈绮贞
30109622,妖姬
9178,曲婉婷
12262634,季彦霖
9270,萨顶顶
9615,吴雨霏
32747902,耳朵玥
1172023,刘至佳
12382937,丸子呦
10142,玄觞
32042995,糯米Nomi
32959015,阿达娃
840134,刘瑞琦
1158065,宇西
32718404,王佳杨
14312549,王贰浪
29999237,丫蛋蛋
12382970,陈雪凝
12025552,双笙
30285885,等什么君
12085562,买辣椒也用券
12292708,周思涵
12308369,黄诗扶
12867228,戴羽彤
12923493,二胖u
30285508,王玉萌
30700959,superluckyqi
12419710,曲肖冰
12077204,陈壹千
12172529,封茗囧菌
31051426,杨胖雨
12258420,AY楊佬叁
12276375,NINEONE#
12797890,吴奕妤
12277185,锦零
30207301,蓝心羽
13288117,小星星Aurora
28863695,司南
12206844,丁芙妮
12358435,很美味
12038016,李瑨瑶
12459252,宿羽阳
12003038,凯瑟喵
12037181,徐海俏
12037229,木小雅
12382937,丸子呦
1158065,宇西
12157330,周星星
12382064,陳梦嘉
31250007,老涵本人
12079173,小时姑娘
1213008,龚子婕JessieG
12094290,D.Mao
12271646,郁欢
12084352,漆柚
13794656,鱿小鱼
12386867,桃十五
12184145,Akie秋绘
13006131,FAFA
13112043,鞠文娴
31136991,粥粥zxr
28175491,石白其
30132402,占二曦
30914421,于梓贝
30648474,可能是雨雨
12172496,阮豆
12063092,邹念慈
12184568,卫彬月
27871544,小嘉玲
29581171,小眼鑫
13148288,颜妹
12065091,顾西奇
12410180,昆玉
27730696,西彬
28416044,野小马
12936258,果妹
1217008,曾雪雅
12288688,麦小兜
12120088,李佳思
1198113,李上安
28066477,澪恩Seiwen
12227509,程嘉敏
12275337,MoreanP
12769394,木秦
29596157,歌手Ada
14810161,童珺
12383659,黑猫
27869456,顾小洁
12065133,以冬
27907665,李春花
28186342,大柯
12205120,洛尘鞅_vvv
31162519,LuluSweety
12185714,王欣宇
12292130,Sawako碎花
12472506,习谱予
12064097,CANNIE(晴子)
13286226,阮言Ruany
12111209,千月兔
12226971,朵蜜天女JOY
13103035,灿烂C.L
1160094,万玲琳
12291562,Quinn葵因
12194916,kidult.
31990599,你的九儿
12071053,齐悦
12473039,青橙Touko
12120174,Biscuits
30378281,七元
12236114,夏璃夜
12140348,倪莫问
12360098,Hero-R
13451731,欧阳耀莹
30704897,Yusee
13450163,李哈哈
7063,A-Lin
768208,AGA
188558,Aki阿杰
7122,阿肆
7061,阿桑
31155579,阿悠悠
1049681,阿细
7076,阿兰
167006,艾怡良
30616365,阿敏
7138,安九
12170037,安溥 anpu
7095,阿鲁阿卓
1047035,安蕾尔
7067,安又琪
12457016,安悦溪
1073068,阿木宇梅
7074,安琪
7117,艾歌
7100,阿悄
12073210,ARIS
12896122,A.LOVE
7080,阿佳
7085,艾雨
12487130,安妮
7083,阿轮
7064,阿雅
784444,艾菲
7115,阿斯满
27695853,ALL-RANGE
7120,安琴
7062,aniDa
1047213,Asat
7077,阿幼朵
7066,艾敬
12037079,昂萨
7060,安以轩
7097,Angelababy
7070,爱戴
7065,阿朵
1032110,艾晓琪
7118,阿斯根
15023113,安妮
13974087,阿君
12870621,艾格
1124458,奥云格日乐
12301246,艾米AimeeYang
7105,安心亚
7068,阿果
12467116,艾丽娅琪琪格
31154593,阿媛
7078,艾梦萌
7103,阿筎那
7073,艾心
13972129,艾贝拉Bella
30109675,Annye安安
7081,艾俐
12262110,阿紫酱
7112,阿娜丹
7116,艾丽雅
7110,艾莉莎
1124124,阿妍
14471206,阿瑶stin
27888530,安芷仪
7096,爱慧娜
1101117,ASUKA
1028203,阿喜林育品
12061121,安顺雨
7069,阿丽玛
7079,鞍安
7071,艾青
7098,Angelita Li
189913,安然
12035030,奥莉
7089,阿雯
14469163,阿妙
7075,艾晴晴
223040,敖都
12492267,安琪拉
7101,阿莲
30109451,安月
12335194,安娜伊思·马田
12610278,安沫英
12561006,安那
12320212,aoi@香菇她妈
7099,Astor Fong
12098013,叶雨蒙
12458080,Anna庄启馨
12136045,AlexiskWong
7091,Anne
1084057,AC娘
1032400,安娜
1135214,阿索
12552450,Anonymous
28387476,爱烂漫
12090100,阿爆
7072,阿紫
7108,阿美
1102091,艾米
12202546,阿妮桑
961358,不才
7169,比莉
12103042,包包.suyi
7200,本兮
7191,白冰
894035,Britneylee小暖
1047427,白百何
7162,本多RuRu
7175,巴哈尔古丽
7159,白雪
12828308,北岛诗
12062106,白荷
13971119,卜冠今
7181,冰淇
7201,白晓
7160,白光
7189,白若溪
7144,白婧
979080,拜尔娜
11973040,冰冰超人
976210,白桦树娃娃
7192,白安
7195,冰弦
7172,柏文
7167,巴桑
996332,白云
1097160,半刃初蓝
886208,毕夏
7157,巴奈
7158,包美圣
7187,斑斑
1054137,边巴德吉
7170,包娜娜
12993080,毕文婷
12176238,白一墨Bella
7166,柏安妮
7178,白冰冰
7174,白虹
7184,巴雅尔其其格
7171,贝贝
7161,鲍翠薇
7163,宝罗
7207,巴姆
7185,蓓丽
12023562,贝贝
12603258,白鹿
12107182,卜星慧
7186,宝玲
7194,鲍蕙荞
13581186,咘咘
12250204,包晗言
12630192,步瑶
31329168,白颜
797151,巴桑拉姆 
7193,白杨
12209035,百灵
1046066,卜小可
12576094,贝影
1156174,Bella.芋头
1132806,白文文
1033010,千幻入梦
7165,碧娜
7202,白雪
7180,鲍正芳
7164,巴度
1174030,BING
12274048,白雪
12033053,白萍
157651,蓓蕾
7176,宝佩如
12809125,白天菲
7209,白茔
12073384,毕兰婷
30615479,贝贝
927026,白雅彤
30470285,博妹
791410,布布
28897343,宝宝
999218,包蔓
14056275,宝儿
30405258,白芷嫣
12347292,北北
975370,不装盐
30349408,白痴公主
31283514,柏安
30109248,白托亚
31155334,包甜甜
30107456,别丹
31153282,Barbie
28391240,白久
30107402,边熙蕾
15023100,白狐婆婆
30088218,别玉芳
12637072,白思雪
28390334,白雪莲
12385104,柏雪
27695522,扁扁
12213276,柏皎
13579142,白鹿墨缘
12175024,白雪莉
7214,蔡健雅
1007170,陈粒
7219,蔡依林
7225,陈慧娴
7409,岑宁儿
7217,陈绮贞
7235,陈慧琳
1053026,曾惜
7439,陈洁仪
7647,陈嘉桦
7220,蔡琴
7424,程响
8321,陈芳语
7224,陈淑桦
7215,曹方
189347,CRITTY
1003026,茶理理
10763,曾沛慈
7419,崔天琪
7227,蔡卓妍
7481,崔子格
973004,程璧
7486,陈僖仪
7221,蔡淳佳
13161063,陈秋含
7233,陈明
861203,陈小熊
1079020,凑诗
7346,陈小云
12416055,崔阿扎
7266,陈苑淇
1146112,曾婕Joey.Z
1172029,池年
12061278,曾昭玮
223780,陈每文
7216,陈珊妮
7342,陈韵若
7244,陈洁丽
7228,陈瑞
7298,陈晓琪
12097022,程潇
7379,常艾非
7363,陈柯
30405265,Cecile恋
13046127,陈忻玥
7371,曹芙嘉
7242,常静
31153248,窜天猴少女599
791100,陈姿彤
7461,陈力
1147032,程小小
951001,陈梓童
7264,陈雅雯
7237,蔡幸娟
7238,程琳
7288,陈思安
7286,车婉婉
1045013,YEHAIYAHAN
27694755,陈意涵Estelle
7399,陈娟儿
7284,陈影
1047211,曾小Cee
1049131,陈意涵
7236,陈明真
223976,陈蕾
7524,陈妍希
7226,陈悦
7308,陈红
7248,蔡秋凤
12506096,楚然
1049501,CANT太子
7402,次仁央宗
7218,Corrinne May
13058091,曹艺馨
29488347,残雪
12326211,蔡佩轩
1141009,岑日珈
960004,陈一玲
12062139,曾咏熙
203161,曾之乔
7232,陈松伶
7259,陈思思
1042003,陈慧敏
7240,陈倩倩
12947152,陈逗逗
1164045,曾咏欣
10570,曾淑勤
7262,陈慧珊
7280,陈盈洁
7234,陈琳
1089157,柠露
7492,迟小秋
31677073,陈宥如
7432,常思思
7273,陈诗慧
1039897,穿越君
52909,Choying Drolma
990287,CARO苏艾
7483,陈思诺
10660,曾路得
7570,邓丽君
7535,戴佩妮
7537,邓丽欣
13610051,Abudu-Music
7591,杜婧荧
7600,邓福如
7538,戴爱玲
12806014,东方晴儿
7541,董真
13642178,大神慧
181007,窦靖童
10711,邓瑞霞
7548,邓颖芝
12492619,弹唱小蓉
7544,董文华
12097087,黛米
999451,DJ Soviet
166033,丁丁
7592,邓涛
13044078,大冬
7540,德德玛
7534,丁当
12251309,邓文怡
1038330,DJ小星星
7620,段丽阳
7536,丁薇
7542,戴娆
1038231,Doris小武
1046217,DBZ
artist_id,artist_name
28387245,安筱冷
1876,阿杜
1012032,平凡的艾岩
1087200,HAS AThree
187295,Assen捷
1881,阿木
12037042,Atom Panda
1879,安琥
1877,阿牛
1132222,abduwali tohti
1875,阿信
1106124,阿杰729
860734,艾索
2422,阿鲲
1132013,A路人
10998,爱乐团王超
802016,安来宁
13222299,安浩辰
1058073,阿力木江·托合提
12441083,傲日其愣
964311,阿良良木健
1080022,Fumos
14469086,阿金和玄子
12132566,安苏羽
804159,阿力普
762462,阿见
1885,阿炳
784443,阿来
1102011,阿尔法
1047066,阿摩司
1081117,Azoy
28085543,安浩唏
1122109,Allfine
12074017,Andy Mei
1873,阿宝
1919,AP满人
1910,阿德
1045019,阿尔达克
1886,艾斯卡尔
28102547,艾羽
13012223,ANY安伟
1049340,akbar ahmat ziba
1888,阿穆隆
6713,AJ张杰
1980,安神
12054096,阿力木
1905,阿吉仔
1054175,AiPi 
229593,艾克拜尔·吐尔地
1893,阿里
1047377,艾尼瓦尔江
1945,安东阳
12046022,Arivval
14098477,艾文同学
1084038,Akbar Kahriman
1872,阿沁
1961,阿译
1053043,陌逸轩
1039377,阿狸
727015,AL=六甲官锭
12039231,艾山江·木合塔尔
12870537,Alex Hong
1912,阿清
1021394,阿四龙
1039594,AKA道长
1161024,AC周予天
1054144,Annco.Liu
893266,A3
1925,奥杰阿格
862110,敖日格乐
832010,曹翟
1075100,ABSDJHONG
1882,阿强
854301,安平
1906,阿龙正罡
1904,阿爆
27695719,安亚晨
1050612,积木立方
1060224,Kadirya
1902,阿振
12108783,阿尔曼
1907,阿勇泽让
12334206,艾伦
1878,DJ-Varc
12053547,艾克里里
12311249,傲日其楞
1054102,YoungDrake
1039416,Anchoe
1039871,AHJOL''RAHEM HALIP
1072035,李傲然Ao.D.Fish
203228,Ap
12203229,阿影
12942194,安然
1081603,Animal Pop
1155078,安乐阳
677006,阿普萨萨
12263222,敖犬
1040062,Akber
1081930,AseLOrDa
805076,ANNER
artist_id,artist_name
28387245,安筱冷
1876,阿杜
1012032,平凡的艾岩
1087200,HAS AThree
187295,Assen捷
1881,阿木
12037042,Atom Panda
1879,安琥
1877,阿牛
1132222,abduwali tohti
1875,阿信
1106124,阿杰729
860734,艾索
2422,阿鲲
1132013,A路人
10998,爱乐团王超
802016,安来宁
13222299,安浩辰
1058073,阿力木江·托合提
12441083,傲日其愣
964311,阿良良木健
1080022,Fumos
14469086,阿金和玄子
12132566,安苏羽
804159,阿力普
762462,阿见
1885,阿炳
784443,阿来
1102011,阿尔法
1047066,阿摩司
1081117,Azoy
28085543,安浩唏
1122109,Allfine
12074017,Andy Mei
1873,阿宝
1919,AP满人
1910,阿德
1045019,阿尔达克
1886,艾斯卡尔
28102547,艾羽
13012223,ANY安伟
1049340,akbar ahmat ziba
1888,阿穆隆
6713,AJ张杰
1980,安神
12054096,阿力木
1905,阿吉仔
1054175,AiPi 
229593,艾克拜尔·吐尔地
1893,阿里
1047377,艾尼瓦尔江
1945,安东阳
12046022,Arivval
14098477,艾文同学
1084038,Akbar Kahriman
1872,阿沁
1961,阿译
1053043,陌逸轩
1039377,阿狸
727015,AL=六甲官锭
12039231,艾山江·木合塔尔
12870537,Alex Hong
1912,阿清
1021394,阿四龙
1039594,AKA道长
1161024,AC周予天
1054144,Annco.Liu
893266,A3
1925,奥杰阿格
862110,敖日格乐
832010,曹翟
1075100,ABSDJHONG
1882,阿强
854301,安平
1906,阿龙正罡
1904,阿爆
27695719,安亚晨
1050612,积木立方
1060224,Kadirya
1902,阿振
12108783,阿尔曼
1907,阿勇泽让
12334206,艾伦
1878,DJ-Varc
12053547,艾克里里
12311249,傲日其楞
1054102,YoungDrake
1039416,Anchoe
1039871,AHJOL''RAHEM HALIP
1072035,李傲然Ao.D.Fish
203228,Ap
12203229,阿影
12942194,安然
1081603,Animal Pop
1155078,安乐阳
677006,阿普萨萨
12263222,敖犬
1040062,Akber
1081930,AseLOrDa
805076,ANNER
artist_id,artist_name
28387245,安筱冷
1876,阿杜
1012032,平凡的艾岩
1087200,HAS AThree
187295,Assen捷
1881,阿木
12037042,Atom Panda
1879,安琥
1877,阿牛
1132222,abduwali tohti
1875,阿信
1106124,阿杰729
860734,艾索
2422,阿鲲
1132013,A路人
10998,爱乐团王超
802016,安来宁
13222299,安浩辰
1058073,阿力木江·托合提
12441083,傲日其愣
964311,阿良良木健
1080022,Fumos
14469086,阿金和玄子
12132566,安苏羽
804159,阿力普
762462,阿见
1885,阿炳
784443,阿来
1102011,阿尔法
1047066,阿摩司
1081117,Azoy
28085543,安浩唏
1122109,Allfine
12074017,Andy Mei
1873,阿宝
1919,AP满人
1910,阿德
1045019,阿尔达克
1886,艾斯卡尔
28102547,艾羽
13012223,ANY安伟
1049340,akbar ahmat ziba
1888,阿穆隆
6713,AJ张杰
1980,安神
12054096,阿力木
1905,阿吉仔
1054175,AiPi 
229593,艾克拜尔·吐尔地
1893,阿里
1047377,艾尼瓦尔江
1945,安东阳
12046022,Arivval
14098477,艾文同学
1084038,Akbar Kahriman
1872,阿沁
1961,阿译
1053043,陌逸轩
1039377,阿狸
727015,AL=六甲官锭
12039231,艾山江·木合塔尔
12870537,Alex Hong
1912,阿清
1021394,阿四龙
1039594,AKA道长
1161024,AC周予天
1054144,Annco.Liu
893266,A3
1925,奥杰阿格
862110,敖日格乐
832010,曹翟
1075100,ABSDJHONG
1882,阿强
854301,安平
1906,阿龙正罡
1904,阿爆
27695719,安亚晨
1050612,积木立方
1060224,Kadirya
1902,阿振
12108783,阿尔曼
1907,阿勇泽让
12334206,艾伦
1878,DJ-Varc
12053547,艾克里里
12311249,傲日其楞
1054102,YoungDrake
1039416,Anchoe
1039871,AHJOL''RAHEM HALIP
1072035,李傲然Ao.D.Fish
203228,Ap
12203229,阿影
12942194,安然
1081603,Animal Pop
1155078,安乐阳
677006,阿普萨萨
12263222,敖犬
1040062,Akber
1081930,AseLOrDa
805076,ANNER
artist_id,artist_name
28387245,安筱冷
1876,阿杜
1012032,平凡的艾岩
1087200,HAS AThree
187295,Assen捷
1881,阿木
12037042,Atom Panda
1879,安琥
1877,阿牛
1132222,abduwali tohti
1875,阿信
1106124,阿杰729
860734,艾索
2422,阿鲲
1132013,A路人
10998,爱乐团王超
802016,安来宁
13222299,安浩辰
1058073,阿力木江·托合提
12441083,傲日其愣
964311,阿良良木健
1080022,Fumos
14469086,阿金和玄子
12132566,安苏羽
804159,阿力普
762462,阿见
1885,阿炳
784443,阿来
1102011,阿尔法
1047066,阿摩司
1081117,Azoy
28085543,安浩唏
1122109,Allfine
12074017,Andy Mei
1873,阿宝
1919,AP满人
1910,阿德
1045019,阿尔达克
1886,艾斯卡尔
28102547,艾羽
13012223,ANY安伟
1049340,akbar ahmat ziba
1888,阿穆隆
6713,AJ张杰
1980,安神
12054096,阿力木
1905,阿吉仔
1054175,AiPi 
229593,艾克拜尔·吐尔地
1893,阿里
1047377,艾尼瓦尔江
1945,安东阳
12046022,Arivval
14098477,艾文同学
1084038,Akbar Kahriman
1872,阿沁
1961,阿译
1053043,陌逸轩
1039377,阿狸
727015,AL=六甲官锭
12039231,艾山江·木合塔尔
12870537,Alex Hong
1912,阿清
1021394,阿四龙
1039594,AKA道长
1161024,AC周予天
1054144,Annco.Liu
893266,A3
1925,奥杰阿格
862110,敖日格乐
832010,曹翟
1075100,ABSDJHONG
1882,阿强
854301,安平
1906,阿龙正罡
1904,阿爆
27695719,安亚晨
1050612,积木立方
1060224,Kadirya
1902,阿振
12108783,阿尔曼
1907,阿勇泽让
12334206,艾伦
1878,DJ-Varc
12053547,艾克里里
12311249,傲日其楞
1054102,YoungDrake
1039416,Anchoe
1039871,AHJOL''RAHEM HALIP
1072035,李傲然Ao.D.Fish
203228,Ap
12203229,阿影
12942194,安然
1081603,Animal Pop
1155078,安乐阳
677006,阿普萨萨
12263222,敖犬
1040062,Akber
1081930,AseLOrDa
805076,ANNER
artist_id,artist_name
隔壁老樊,12429072
柏松,31876221
薛之谦,5781
林俊杰,3684
陈奕迅,2116
许嵩,5771
颜人中,31376161
en,32220939
沈以诚,12002248
徐秉龙,1197168
李荣浩,4292
华晨宇,861777
林宥嘉,3685
毛不易,12138269
宝石gem,12084497
阿冗,30116848
尚士达,13608761
枯木逢春,30284835
汪苏泷,5538
解忧邵帅,29392693
张学友,6460
王嘉尔,1083118
接个吻，开一枪,12085016
王小帅,29069586
王巨星,32399227
焦迈奇,12084229
Lil Ghost小鬼,12493781
郭顶,2843
永彬Ryan.B,12448205
葛东琪,12136078
尤长靖,13058503
小咪,30616479
cv初恋,33191836
张国荣,6457
赵雷,6731
张杰,6472
巧乐兹,31255686
陈阳,28602303
Ice Paper,12121264
王力宏,5346
福克斯,1199064
李代沫,4393
许巍,5770
张敬轩,6462
王恩信Est,12904290
杨宗纬,6066
井胧,31253654
周杰伦,6452
刘德华,3691
刘聪KEY.L,12788674
浪子康,12570153
朴树,4721
周柏豪,6479
潘玮柏,4723
张宇,6469
王泽科,12091048
陈鸿宇,1058228
王以太,12236125
吕口口,28304831
虎二,12286700
阿虾,31093891
张紫豪,13906123
马良,13609637
周兴哲,980025
林啟得,12003125
吴青峰,187229
张震岳,6453
G2er,12027122
李克勤,3699
Lambert,31668975
BigYear大年,12227290
法老,865007
艾热,1203045
周传雄,6652
Jony J,784257
吴亦凡,964108
徐梦圆,1142042
周深,1030001
马雨阳,826336
萧忆情Alex,1132127
Todd Li,12268138
杨和苏KeyNG,13899303
Ayo97,12287118
千里狗,12538467
摩登兄弟刘宇宁,1094010
陈雪燃,14420803
陶喆,5196
胡彦斌,3066
野区歌神,15060490
蒋蒋,188694
谭咏麟,5205
简弘亦,5001
陈小春,2112
阿'Quan,31093298
周华健,6456
陈泫孝（大泫）,13933117
赵砚卿,32846313
张泽熙,28633062
光泽,12136042
安筱冷,28387245
隔壁老樊,12429072
沈以诚,12002248
徐秉龙,1197168
毛不易,12138269
宝石gem,12084497
阿冗,30116848
尚士达,13608761
枯木逢春,30284835
解忧邵帅,29392693
接个吻，开一枪,12085016
王小帅,29069586
焦迈奇,12084229
巧乐兹,31255686
陈阳,28602303
福克斯,1199064
王恩信Est,12904290
井胧,31253654
刘聪KEY.L,12788674
浪子康,12570153
王以太,12236125
吕口口,28304831
虎二,12286700
阿虾,31093891
张紫豪,13906123
马良,13609637
林啟得,12003125
G2er,12027122
BigYear大年,12227290
艾热,1203045
徐梦圆,1142042
Todd Li,12268138
Ayo97,12287118
千里狗,12538467
野区歌神,15060490
阿'Quan,31093298
张泽熙,28633062
吉野千夜,13449630
隆历奇,12065015
南子,13796614
孟凡明,12270575
大壮,12146142
杜宣达达达,12060040
沈虫虫,12275389
$CC731,1159101
姜鹏Calm,13793914
еяхат музыка,13286745
承利,1140028
可有道,30476442
Abdulla Abdurehim 阿不都拉,30709773
刘思鉴,12798217
逆时针向,12128251
暗杠,1198010
C.vo,12185665
苏靖凯,27906095
崔铭嘉,13681463
排骨教主,12083175
LookedatHerFore,13610762
羽肿,12094419
齐一,1159045
ICE,13145283
张小九,12002056
Corki,14608268
MOMINJAN_ABLIKIM穆明江,12570017
DJ阿超,30600467
YKEY,12083570
广东雨神,12760978
刘炫廷,12157298
张小伙,12699514
巴音汗,12464053
张雪飞,12138252
SeanT肖恩恩,12071015
浪子鹏鹏,30477866
大喜,12270100
ZzHhOoUuZzHhAaNnGgYu,12497529
蔡耀轩,30000267
Lil Jet,12079066
前男友,12287780
田新宇,28611837
栗先达,12027624
李欣龙啊,13113634
马也_Crabbit,13288861
大傻DamnShine,12605500
钱正昊,12118230
黑崎子,12282733
徐真真,12094099
太一,12156137
李佳隆,12079219
Razz_,30129806
周佳顺,12002137
阳山伟伟,12641107
功夫胖KungFuPen,12453329
于大海（于黑蛋）,12460308
邓壬鑫,12306430
新秀,12357157
RoiMarch,29581111
刘莱斯,12205361
Buzzy,12094558
DJ阿福,12050038
AlimjanHasan,12367021
李学仕,12349011
安筱冷,28387245
阿杜,1876
平凡的艾岩,1012032
HAS AThree,1087200
Assen捷,187295
阿木,1881
Atom Panda,12037042
安琥,1879
阿牛,1877
abduwali tohti,1132222
阿信,1875
阿杰729,1106124
艾索,860734
阿鲲,2422
A路人,1132013
爱乐团王超,10998
安来宁,802016
安浩辰,13222299
阿力木江·托合提,1058073
傲日其愣,12441083
阿良良木健,964311
Fumos,1080022
阿金和玄子,14469086
安苏羽,12132566
阿力普,804159
阿见,762462
阿炳,1885
阿来,784443
阿尔法,1102011
阿摩司,1047066
Azoy,1081117
安浩唏,28085543
Allfine,1122109
Andy Mei,12074017
阿宝,1873
AP满人,1919
阿德,1910
阿尔达克,1045019
艾斯卡尔,1886
艾羽,28102547
ANY安伟,13012223
akbar ahmat ziba,1049340
阿穆隆,1888
AJ张杰,6713
安神,1980
阿力木,12054096
阿吉仔,1905
AiPi ,1054175
艾克拜尔·吐尔地,229593
阿里,1893
艾尼瓦尔江,1047377
安东阳,1945
Arivval,12046022
艾文同学,14098477
Akbar Kahriman,1084038
阿沁,1872
阿译,1961
陌逸轩,1053043
阿狸,1039377
AL=六甲官锭,727015
艾山江·木合塔尔,12039231
Alex Hong,12870537
阿清,1912
阿四龙,1021394
AKA道长,1039594
AC周予天,1161024
Annco.Liu,1054144
A3,893266
奥杰阿格,1925
敖日格乐,862110
曹翟,832010
ABSDJHONG,1075100
阿强,1882
安平,854301
阿龙正罡,1906
阿爆,1904
安亚晨,27695719
积木立方,1050612
Kadirya,1060224
阿振,1902
阿尔曼,12108783
阿勇泽让,1907
艾伦,12334206
DJ-Varc,1878
艾克里里,12053547
傲日其楞,12311249
YoungDrake,1054102
Anchoe,1039416
AHJOL''RAHEM HALIP,1039871
李傲然Ao.D.Fish,1072035
Ap,203228
阿影,12203229
安然,12942194
Animal Pop,1081603
安乐阳,1155078
阿普萨萨,677006
敖犬,12263222
Akber,1040062
AseLOrDa,1081930
ANNER,805076
半阳,30405247
白小白,12356407
Bilal Enwer,1039011
布瑞吉Bridge,12493701
毕雯珺,13058487
卜凡,13058488
变奏的梦想,1085053
HAS SAM努尔夏提,839689
白宇,12091076
白举纲,909029
白亮,1084207
白嘉峻,29500595
Braska,1048054
白宁,1050807
冰块先生,1054040
白挺,1047238
Black.Key,12259146
暴林,2098
布仁巴雅尔,2026
波拉,2087
贝汯璘,13059430
白玛多吉,2063
包威尔,1094177
白谭,30530394
拜合提亚bahtiyar aziz,1131033
伯爵,2066
白泽,12263329
包朝克,2033
白敬亭,12041068
百慕三石,2048
薄彩生,816079
贝乐虎,30109388
血男孩,2103
鲍比达,2034
笨笨口琴,1053147
边江,12457194
音墨泽,13568181
博仔,28900233
包胡尔查,1132200
白天不亮,2055
孛儿只斤·包迪,12090249
鲍鹏,12279094
拜尔,2056
B.C.W.懒领阶级,1057198
BlurryCloud,1038371
BrAnTB,12523451
卞留念,2049
巴图,12647412
薄云天,14714187
Viper毒蛇,1044102
Beatsound,2104
白静晨,12817024
贝玛千贝仁波切,2032
BigKey,868113
巴顿,1078363
白菜,14100563
白羽,2060
Ballrockin,1081918
白客,1047011
波比,1032406
毕书尽,2059
白凯南,12263538
包伍,2061
贲小伟,12646188
北疯,14100790
斑辣个马,1060060
巴图,1150216
包贝尔,11992127
白音孟和,2050
BLOW,12108685
白勺,12107259
BackToBand,12344330
卜凡,900335
包青山,1057274
白悟言,12607112
周迪,1060124
Blindman,1040104
北戴河蔡各庄小学合唱团,28085512
北京蓝天艺术合唱小组,29148257
B6,2025
卜文武,12421010
BK532,1087669
边远,1032373
白龙,2071
BuddahKillah,12309204
Bloody Woods,228408
BOWZ 豹子胆,15023268
贝歌,1038088
波仔,1047265
白兮晨,30616567
百灵,13498726
百川,2030
鲍元恺,2073
BEC包子,1047057
白金,2054
Barry,2101
YoungBoyDan,12493121
北木森,27692361
表哥,13706227
Bikman,1065002
陈奕迅,2116
陈鸿宇,1058228
陈雪燃,14420803
陈小春,2112
陈泫孝（大泫）,13933117
陈柏宇,2127
陈硕子,12079044
陈柯宇,12095299
陈百强,2115
CLOUDWANG 王云,12131566
侧田,2117
陈势安,2201
陈立农,13056440
陈威全,2199
蔡旻佑,2121
陈翔,2331
曹格,2110
丛铭君,12634049
陈楚生,2124
成龙,2118
Candy_Wind,1084178
陈冠蒲,2150
R7CKY,1044054
陈学冬,963409
陈信喆,12132471
曹轩宾,2159
陈鹏杰,189379
茶茶,1038074
陈冠希,2122
陈光荣,2294
CORSAK,28083351
Cee,31055
崔健,2111
崔伟立,14100493
蔡国权,2130
陈致逸,963431
常石磊,2153
陈红鲤,12879051
陈晓东,2125
船长,2338
传琦SAMA,1043290
CG,14470079
曾一鸣,6557
陈旭,2147
车继铃,2113
陈飞宇,12474254
陈勋奇,2135
蔡威泽,13228454
陈奕夫,964450
陈雷,2141
陈坤,2134
川子,2131
CARTA,12023426
陈伟霆,2164
陈柏霖,12010027
曾志伟,6608
蔡维泽,28103230
陈其钢,2202
曾志豪,6862
陈俊彤,168021
Chace,1041027
曹方瑞,12312092
陈亮,224360
林童学,28085360
曾经艺也,900139
陈少华,2209
陈浩民,2138
曹越,2414
崔京浩,2276
蔡方萌,1046063
蔡照,1132979
曹思义,1043304
曹槽,941023
陈晓,826307
曹秦,2448
陈劭康KOMIC,2428
蔡国庆,2119
程池,2336
陈令韬,854358
曹寅,168042
岑先生,29150296
茶季杨,1014024
蔡志展,2375
厨房仔,1149014
陈知&游园惊梦,1152025
才让东珠,958173
崔跃文,991003
陈赫,727005
陈奂仁,2133
陈底里,2174
陈百潭,2278
陈玮镔,12488046
陈零九,2348
陈雅森,2230
陈彦希REGI,14713124
崔忠华,12617485
春雷,2224
曾航生,6521
崔鹏,1049254
陈泽鑫,13080644
雷智皓,12059017
DP龙猪,12333145
董又霖,12054456
迪克牛仔,2516
大张伟,2524
DJ马哥,12250324
戴荃,791534
dj,12291332
队长,1143033
浩宝,1135138
邓伦,12440042
东南,671001
Dough-Boy,1203015
东篱,2699
蛋堡,2514
邓超,2623
Dizkar (地磁卡）,28072811
刀郎,2517
豆心,12902436
窦唯,2515
大鹏,188681
多亮,2607
杜德伟,2522
DELA,1088061
冬子,896942
董昱昆,1087662
东来东往,2518
丁泽仁,13058489
邓川,2617
杜佳阳,12787446
杜海涛,189918
大星,12629402
丁可,2569
冬子,2513
DJ建斌,1053107
DJ张扬,1038381
旦增尼玛,28083561
丁于,2545
单色凌,5068
DJ阿奇,12194338
大哲,2614
代理仁,2632
单海锋,927045
邓烺怡,13056441
丁世光,12894239
董子健,12273260
烛鷷大魔王,1049022
德格叶,1057162
大冰,2578
大一学长,27695243
DJ宝贝,2527
蛋卷,1079143
东山少爷,2520
DJ,12154277
戴玉强,2525
杜歌,783379
董冬冬,947023
邓健泓,2531
邓力玮,12311533
董运昌,2519
于亮,1050280
DJ YiXiu ,1025229
迪迪,30618393
Mr-Brilliance,1060122
刁寒,2528
丁冠森,12040073
邓伟标,2521
杜天皓,12046643
大琴师音乐游戏,1058138
窦智孔,2562
CHYUCE,1075130
杜聪,2548
单小源,2591
狄奥尼索斯,11428
丁一潇,12202469
杜青,12048310
DjCore,1039543
DJ小杨,1055010
狄易达,2888
邓鼓,12137020
旦增才让,12810118
杜淳,2675
Dark Moon,1097163
滇津喇嘛,13497827
敌门,1085030
丁汀,2605
窦鹏,2526
dj皇家礼炮,1066056
DJ小鱼儿,1137192
段星宇,28083320
段宜恩,12047840
丁乔,955037
邓典,28083231
丁炜,2682
戴凤鑫,1046175
豆腐P,12107621
旦旦,896569
癫癫癫,31153662
Digifan,990092
大震,12566301
蔡翊昇,189955
哦漏,1085108
eliaqsopa,1039899
贰佰,896894
二龙湖浩哥,1192402
EDIQ,2714
Evis Wy,12370200
Elvins.J,1043383
EdJean,966153
Elfar,1089203
二文,2727
二亮哥,12263011
enderdz,1040044
ETIRAZ,1046270
二凉,905634
EACH9,1050341
EDEN,1019328
冉明阳,1049900
贰贝勒J.Forest,2720
“阿兰姐”,1080049
Egil Ellevill,12263400
Eveight,981041
Ezfic,2723
Easy Mind,816055
二辰,13195211
EDMarco,1053149
EXIA,1050576
治静E.N,905009
诶姆,2716
EC一平,12871192
Empty ORio,13971421
Eric Song,12404124
贰鹏,29356229
EAT扬扬,30109512
二龙,1050175
Eugene Pao,2730
EazyToo,2735
Entspannung Pur,30110310
Emily Hsieh,30617579
二夫,27888574
Ethan,30616419
EryXDY,1093034
Erick Blu,12743011
Electronic Dance Music,1047206
二飞,12332127
换号中bigbus,1031114
耳机,12170031
二向柚,975774
ElectronOscillator,1073043
enlil,2718
EI身份证,1039919
恩炀,2710
Emxi,1039579
ev,29356296
一针见喜,1038223
恩佐,28390340
E-Van,31153477
鹅王章祥福,27888504
Eudaimony,30109289
E&M经贸民谣,14099080
Enyx,29302237
Eggace,12492296
二少爷爷,27693297
俄比尔古,12213188
尔冬明,12403137
儿时玩具,1054116
ERIC,12363201
E.D.J HyunYu,1049964
EY魂,12074153
EC Robot,1039900
Eric,1135273
ElectricGirl,1039360
FM97-28,1049701
二宝,2728
耳东 ,1043309
E歌,2724
二玩家,938073
eclove23,2721
Ethen Chen,2717
法老,865007
方大同,2738
枫宇辰,12213335
费启鸣,30035218
范丞丞,13056442
费玉清,2747
方泂镔,2742
伏仪,12028291
方力申,2739
樊凡,2775
方磊,1163007
风子,1032016
范世錡,12356808
枫叶,27694696
范逸臣,2736
符家浚,956281
房祖名,2741
Fcyco,1024309
HAO付豪,1038367
付笛声,2768
coco这个李文,1085058
费翔,2743
冯佳界,957020
甫平,1081940
付辛博,2791
李汶峰,1020150
冯建宇,1132196
程渤智,842003
方洋飞,30892253
Firah,1081292
冯翰铭,228462
付浩天,1131048
冯晓泉,2754
樊少华,2793
冯绍峰,2816
范圣琦,2749
傅聪,2740
房亮亮,12202478
肥宝,2802
梵墨,1025042
林屿森LIN,1078032
方锦龙,2752
方逸伦,12644597
范恩,1043488
Forkyrie,1039404
冯巩,896230
范星光,2829
范宗沛,2737
范思威,2764
方毅,1084058
符致逸,2777
佛山DJ明仔,4544
房岩,13840462
冯德伦,2753
范忆堂,862024
付飞社,28391507
FreeT,30316233
冯言,2778
冯乔,2758
费清波,12451181
封浩彦MACKYO,4546
范振锋,2765
冯小波,1049257
方奕,2762
傅振辉,2757
FZ.方丈,12430082
范睿,2786
付豪,2827
绯太子,12325107
吠人,12250285
翻唱群星,13683991
Ferrison,1047027
FACEVÔID,1057234
肥坨坨FatToc,1124320
冯允谦,725039
冯舆轩,28387442
Fattwo,1022050
FOM,1115016
冯果,12006244
冯傑龙,12332149
飞翔,2839
冯博,1041080
Faber,2788
范圣霖,2803
冯泽雨,2813
付一珩,12289150
Finn,2750
浮克,2761
傅松,818227
冯光,1016120
冯磊,2792
冯伟棠,2769
RocketBunny-火箭兔,30107315
符号,1047302
冯达,28391606
方书剑,31153490
浮游人-TonY,787065
Ca$hFlow,809018
傅超华,12023140
冯驿芙,11993031
郭顶,2843
葛东琪,12136078
光泽,12136042
古巨基,2849
GAI周延,1211046
光良,2842
G.G(张思源),12050057
鬼卞,1008034
郭旭,1044203
宫阁,12023517
郭富城,2852
苟瀚中,5311
关喆,2868
高尔宣,13497197
葛林,168010
Gill Chang,1177230
梁根荣,12213153
高安,2963
关大洲,13080288
郭德纲,2922
跟风超人,13058582
郭峰,2848
关楚耀,2861
高进,2863
顾峰,2874
高文强,1124172
关正杰,2853
GNS耀耀,1041024
甘仕良,2870
国风Dom.T,12399037
根呷,2959
郭子睿,11974118
谷嘉诚,13973042
高林生,2892
官鸿,27889345
国蛋,2947
郭一凡,2987
高泰宇,12197292
高枫,2856
龚一,2862
管平湖,2859
顾嘉辉,2850
古天乐,2844
尕让邓真,2994
高铭,1049033
高明骏,2846
023 GC,13228424
郭少杰,3007
郭子,2851
郭思达,12998047
高火火,12931831
谷江山,13497261
国哥,27695695
光合唱片,1043146
高旗,12023557
高鹏,2953
光头李进,2885
葛平,2981
哏德全,2867
郭浩男,2875
顾稚蔚,1132850
谷柏杉,820439
郭麒麟,12332258
高晓攀,12475595
高正洋,3042
格茸农布,2962
高向鹏,2887
郭伟亮,2847
顾振遐,30315465
格杰白玛,2979
高夫,2928
刮刮乐,2946
高凌风,2857
顾海滨,2878
过江龙,3020
关力瑒,12370146
官云康,1137380
高信,3029
郭纯,1053246
关德辉,2872
郭炳坚,2912
高晓松,2841
高英杰,187480
关峡,2931
郭颂,2911
郭京飞,1049027
关泽楠,2969
广智,2871
GrymeMan,975574
恭硕良,2890
歌浴森,2945
郭力,30472245
葛笑,12073830
关贵敏,2899
高华阳,12274269
嘎玛西周,905095
高韶青,2960
Gordon扬豆仔,908209
GIGEL张津铭,13059434
关栋天,3031
华晨宇,861777
胡彦斌,3066
胡歌,3064
黄旭,12065096
河图,3249
Hanser,1049179
韩安旭,1177014
RA,12598950
胡夏,3273
郝云,3071
黄义达,3063
回音哥,3348
黄凯芹,3073
何野,30471284
后弦,3058
霍尊,3415
黄品源,3079
黄子韬,1025202
黄明志,3256
海来阿木,13159024
黄勇,3421
胡伟立,3081
韩磊,3072
黑龙,3118
海鸣威,3086
黑羊,1011192
韩庚,3272
洪尘,1006030
韩沐伯,12773144
黄雨篱,1081579
胡碧乔,1049349
黄霑,3059
黄玠,3070
黄艺明,3337
洪楗华,3224
黄榕生,12488022
何流,839761
黄安,3082
黄渤,3255
黄晓明,3094
韩寒,3085
胡鸿钧,3330
浩纹,12915311
黄礼格,1019154
晃儿,3307
黄新淳,13059437
贺一航,3181
霍建华,3120
海生,3311
胡蒎,12598388
何炅,3090
黄英华,3322
黄宗泽,3126
黄征,3093
Ghayrat Mahmut,1081917
黄家强,3116
何东东,13059435
洪雨雷,12487019
何柏诚,12379051
浩天,1182797
黄贯中,3080
火火兔,13972353
黄阅,3121
呼斯楞,3259
Howie Lee,94064
何润东,3112
何崇志,3378
火风,3250
何大河,1181165
胡兵,3162
洪启,3069
何星烁RapStar,1039086
侯明昊,12073309
何石,30617412
黄大炜,3068
胡德夫,3056
贺西格,3096
黄鹤翔,3166
黄国俊,3123
何晟铭,3276
何训田,3075
侯旭,3146
黄秋生,3076
韩毅,12458021
黄立行,3065
涵昱,1006027
黄磊,3061
慧普法师,3210
和弦,1081256
黄平,3424
前后动机直升机组合,1068009
何勇,3055
何鹏,3362
Jason Huang,1050409
韩雍杰,13056444
胡一天,12796041
海哲明,3408
黄书豪,13056448
灰原穷,3317
荷叶,12727068
ilem,11975111
Iceloki,1132544
iMoon,1038374
impossibleChuck,11987075
InfiniteMusic,956418
iCsuo,1047333
Isaac Yong,31524954
imeatART,900332
I N K 本墨导窒,133386
ilham丁丁,1039978
iimmune,1083022
IANNE,1039395
ibinbao,1031042
ianbird 吴冠亨,28085491
Inbellum,820494
"I,Defiance",1000135
iiiis,3438
Ian Yu,28390292
illusory李虚无,29356237
ins白日说唱家,13738116
IL CANTO,13707529
Imc王辰,12263528
Infernal Chaos,13430213
Izumi koga,1161208
Ilya Ai Wei,1050737
irevan,1081840
IMAGINE,1039393
Inspiration Crowd,1049076
Intangible Ism,3445
IMCUICUI,1044068
Impractical Scraps,1031052
蒋蒋,188694
简弘亦,5001
金志文,166014
黄明昊 (Justin),13057497
金贵晟,827163
姜玉阳,3459
Jason Chen,3535
姜育恒,3456
江映东,29148309
江南诚,1047078
姜贰拾,1071076
江涛,3464
蒋大为,3452
J-Sleeper性感的拖鞋,789380
姜凯文,30316310
J.R.G.,1182757
金6,12262268
蒋明,3558
JZN,28085561
J. Sheon,187010
贾盛强,27694332
江潮,1015710
JR Fog,3526
贾昱,12488044
JK.Chen,1097081
居来,1063007
金瀚,30618494
蒋志光,3453
金培达,3536
几米,3450
俊俊,13839019
江智民,3600
井柏然,3539
靳松,3528
贾鹏芳,3454
JK LEE,13226406
精气神制作,187394
精神领袖佛爷,12369108
姜鹏,3466
贾凡,31155447
金润吉,905426
吉克曲布,1049680
JV陈政文,12634598
贾乃亮,1106073
JZlee,1098154
贾巴阿叁,1038368
JOHN$,12914018
蒋劲夫,1081155
纪晓斌,3613
J-ONE,13059443
伽里,13059438
小简,1099005
鞠起,3537
金复载,3562
景岗山,3499
解小东,5839
坚持者,187203
解晓东,187061
靖佩瑶,13056451
家家,190079
江得胜,3463
姜京佐,13059442
蒋山,3594
JeamsKing,1124432
君君,3504
姜洋,3521
贾涛,729003
纪粹希,1038398
JOE WANG,225978
姜潮,1049408
蒋月泉,3511
聚来提,12488021
金玥,3576
金城武,3451
甲雍,3591
JIANG.x,1060009
Jeff李,3515
觉醒爷爷,13500157
贾鹏新,3534
金学峰,3498
进恩哥,1084122
$NGK,12526089
靳东,1156032
苏珂,792823
极泷,3524
君子,3572
江都子,12279763
九御kyuugo,1057168
金久哲,3563
吉克杰拉,1047250
江凯文,3461
金宇晨,999454
井宁,1039055
姜昆,3541
吉杰,3462
蒋敦豪,1038352
金泽,3551
宸毅,982004
甲雍喇嘛,1156277
金熙泽,1050231
KBShinya,1047064
卡修Rui,862058
可有道,13737107
柯镇恶,12261311
Kafe.Hu,12024274
K ELEVEN,12493703
凯玟桑,1019172
柯有伦,3617
孔舒航,13974121
康天庥,27694228
康梓峰,3670
卡卡,3625
KenT,3616
克尔曼,3658
孔令奇,3619
康硕Kenny,911042
柯受良,3614
柯暮卿,3672
柯智棠,991002
康康,3627
孔东东,12048189
柯震东,3654
KEVSER,12811143
K2,12467220
康康,686006
阚立文,5980
卡斯Kas$,222404
孔岱山,1081372
孔垂楠,1019155
Keyshawn Binean,1060093
KT,3651
昆虫白,3649
KillerBlood,868001
宗儒,1080047
空城mill,13972448
孔祥东,3624
凯撒,3641
K乐,28387568
张童,1135192
凯文,12356071
Kositu,3643
堪布贝玛千贝仁波切,1038242
开松法师,1161004
克里木,3621
康万生,3623
Koowho,1081974
科尔沁夫,3646
杨文博Poe,1069015
Killazer,1043220
柯羽,3626
康桥,12290110
KNXER,1099008
康榕,12048059
柯智豪,11974222
孔宏伟,3620
KB,1088051
Rayyy,1050581
库亦晨,1050144
Kz,3640
抗癌露露,27693543
Karma Kid,758285
K邵庄,1132845
康然,3642
康武军,12107391
Know Hope Collective,3636
K.Scarlet,12467039
恐龙李,3639
康志雄,12171212
Ken-Ming Yang,1094139
Kitson Lau,12869562
孔一兵,961279
口琴ok,1046036
亢帅克,3680
K'桑,1039553
卡列宁,1079139
可力,13222461
孔锵,3638
凯歌,1049889
康乐亥牙,30109610
康成,12945681
坤鹏,3644
孔熙俊,1039757
寇麟,12073350
Knopha,12061058
开克尔曼尼,3661
郭凯文,15249167
Kit.Tam,1039449
邝雨翔,12086178
柯海霞,13021354
邝鉴萍,12061236
KNNNT,29150357
Kael 鹿帆,1044036
张晓天,12408142
Kalen邱志凯,1049872
康绍云,12400042
堪布松柏仁波切,13499905
kico,1043285
Foobar,1047200
空气球,3630
开鹏程,994003
林俊杰,3684
李荣浩,4292
林宥嘉,3685
Lil Ghost小鬼,12493781
李代沫,4393
刘德华,3691
李克勤,3699
李宗盛,3683
伦桑,981141
李健,3695
李圣杰,3705
梁博,166010
林志炫,3692
林俊呈,30107224
廖俊涛,13022016
李常超 (Lao乾妈),12359437
林子祥,3706
刘昊霖,4171
罗志祥,3694
梁汉文,3722
蓝波,932053
卢冠廷,3697
刘梓炎,791331
李俊佑,12080400
刘旭阳,1025271
卢广仲,3690
刘心,4080
卢焱,12523349
老狼,3682
李易峰,3765
黎明,3701
林奕匡,4084
六哲,4069
赖冠霖,31153220
刘允乐,3848
柳爽,1060132
灵超,13056454
罗大佑,3686
李玉刚,4130
刘可,3812
罗文,3698
李现,12602151
李行亮,4093
鹿晗,1038093
林彦俊,13058498
李雪莱 ,1040035
流浪的蛙蛙,1047239
林超泽,13059447
CADY,1047298
李子阳,1021328
Lil Boo,1043161
李森茂,1039839
吕方,3723
李权哲,13056453
林志颖,3704
梁晓雪,4006
李希侃,13057676
骆集益,4125
李琦,893267
冷漠,4015
陆定昊,13056456
刘嘉亮,3747
赖伟锋,4055
刘佳,4188
李绍继,3768
李朝,12675220
Lu1,4037
刘锦泽,791054
六月,12263292
刘欢,3688
廖效浓,1051026
李俊毅,13059444
刘辰希,4320
李志辉,4047
李炜,4089
陆虎,3793
李硕,12010120
李维,3752
罗艺恒,855488
林依轮,3799
李智,1039750
刘维,229341
励志豪,813095
刘胡轶,3871
梁雨,4464
梁朝伟,3715
Lamp Ho,12349677
刘宇,30891244
李艺皓,12066116
蓝乐,744274
郎朗,3707
林峯,3702
李秉成,12457105
吕思清,3762
李琛,3827
罗百吉,3732
老虎欧巴,905491
刘浩龙,3751
李明霖,936007
卢小旭,3952
马雨阳,826336
摩登兄弟刘宇宁,1094010
满舒克,188141
MC Hotdog,4479
麦振鸿,4569
麦浚龙,4483
马思唯,1132392
MuSik I,1049168
慕寒,12413
Mc光光,187903
闫东炜,4621
Mario,1038238
马天宇,4485
Max马俊,13415208
毛宁,4486
孟大宝,1050630
冰鑫,1043170
木子洋,13056459
森田,12114132
毛毛,4552
M80,792162
Mr.岑,1041122
莫西子诗,896927
馒头,4513
满文军,4488
慕斯の小乖,1049174
MyT1aN,1089210
Mr.16罗隽永,1060200
梅粮新,1039222
Merdan Ablikim,1063055
MJ-7,12389238
Mardan·omar（买尔旦·吾买尔）,1132719
马頔,4592
chill boy,571797
猫饭,189932
马条,4480
寐加岛,12136063
马融,1058114
MC七星,13485144
满江,4481
MC-5,1043199
Mc名决,12335229
孟可,1156176
马上又,4527
马伯骞,12914544
孟子坤,13497629
Mc阿哲,12084382
Mc轩颜,12263877
马潇,858161
门小强,12024162
马博,4651
莫染,4578
MC仁,4489
Mc苏刚,1039663
木梳,1182160
孟维来,30470286
Mc楚新,12506190
马闯,4532
马浚伟,4490
mAjorHon,896274
Mc阳子,12132083
面筋哥,13971031
马如龙,203214
喵步小雨中,957152
方仔Rich John,1105059
马三立,4561
Mc画师,12233014
蒙面哥,817036
面具锋,13923069
Melo,29304235
漠城,1032310
茉莉僧,816093
MLK麋鹿王国,12091064
MILLAN,1049093
Matzka玛斯卡,11976077
MC星辰,12154030
马常胜,4538
马丁,4607
麻吉弟弟,4482
漠心藤,12061030
MC阿泽哥,12515196
马念先,4492
马海生,4533
梅岭,4566
苗雨,1038382
Mc熙阳,12309156
Mllano,1053118
麦子杰,4496
MC武帝,12309126
幕人,12263031
马志明,4568
马季,894087
马旭东,4619
牟天任,27695688
苗阜,896782
Muma木马,12064064
梅兰芳,4548
孟广禄,4574
马戏团小丑,789391
马德钟,4508
那吾克热-NW,12514278
泥鳅Niko,990051
NL不分,190349
Noicybino,1074042
宁桓宇,980113
南宫嘉骏,4678
南风ZJN,985227
倪安东,4672
Nurmuhammat Tursun,12049020
Nurim Kuanix,12049170
Nellee,1039882
牛建党,4656
宁夏,1049392
南风（姜海龙）,4662
Nayim.Nabi,1050258
你样哥,12908088
南风,30894239
牛歌,12091030
南玛子呷,1053166
南城二哥,804367
宁林,1019301
南瓜饭,1046339
拿哥,12196231
尼格买提·热合曼,12776731
还没睡醒的DiDi,1050110
嫩桃弟弟,1057144
奶猴子,12108665
南派三叔,12098066
聂枫,12312084
倪可,14055176
Neko,29302224
聂远,1049185
南明东,14713145
聂禹,4666
南拳妈妈弹头,27813407
倪力,935138
牛牛,1001005
Nencol ,189831
No.6,1050265
宁峰,4677
奶油小生,27693341
尼多,13644134
霓虹爱神Neon Eros,30892388
南卓仁波切,4686
牛骏峰,12042046
乃日戈,1041070
埖小迪,797362
暖场小粽子,1027039
男森RAP,1124323
怒道诗情,28391235
嗯哼,13580194
Nacid,1019357
娘吾加,28897355
牛朝阳,4665
牛王,29500423
男众法师,12408261
钮大可,4660
逆风而行,1040204
奶昔,27694545
南涩雨,1039680
倪敏然,862131
南建雄,1062006
南宫,12348450
南昌Djkevin,27695986
Nano33号,1039848
弄青_Leon,29596520
南一,1079101
南味SOUTHFEEL,1044122
Ntz,30618288
宁新兵,1181764
南芊羽,13192098
纳兰萌达,29490668
Nic-BOOM,1019003
糯米,4669
尼块,1193191
南初,29150288
NANCY,220970
农面哥,13971260
霓歌,13643094
NEMY金属怪兽,1039297
暖猫,29354223
NO.59,1040026
聂杰铭,356702
牛冰,1054031
宁群,27694175
NEWYOUNGGO,12209024
倪洁,28390532
诺一,12335177
男子汉乐团,4664
Inspiration,1000103
男神,27693670
聂琳峰,4667
牛牛凯,30616388
Noiser luo,4659
泥丸,1041003
NGC,12262225
牛欢,12107162
Nathan Pelupessy,1049159
楠飞,29150298
NEOSO,15255223
欧得洋,4693
OB03,12060060
欧阳靖,4694
欧豪,896460
欧阳尚尚,4715
欧翠峰,4695
OG ROLLY,12493704
欧汉声,4700
Okna Tsahan Zam,4691
黄秋颖,1066075
欧阳青,4705
欧俊诚,15023173
欧阳俊,12996970
OCULAR,1024400
OWL Records,1087808
Ops.7,1044086
讴洋,13643049
one0none,28899259
Orientlic,3665
osman mamitimin,12049171
Oscar,4692
ORI,14098645
欧阳圣康,15024239
OK绷,12488167
欧霖,12279524
欧阳文宸,12062259
欧阳浩瀚,4697
HeOho,12469061
OC Jimmy,30615508
欧阳雄波,13734113
欧锦衡,28390404
欧阳屌宏Willow,1124169
Octave 20,4712
讴歌,4719
欧阳德勋,4696
欧阳原野,14057095
欧阳阿成,30615428
欧阳兆桦,13023779
欧拍乐,14098024
欧阳基,12279035
欧华,11992096
昭和三色_,1057079
欧阳曹亮,1024100
OG-K,229959
OscillatorZ,758364
欧阳巽涛,4707
Ones Day,4720
欧牧优诺,28085334
欧中建,4708
欧阳皖,12213242
欧阳清风,4704
ODYSSEY_,1135222
欧阳大江,30618433
欧阳光,1049806
欧景智,13160089
OP.X,1039334
欧宇轩,12279033
欧华成,4714
ODd,12067017
欧育齐,4706
Ordy,1132265
欧阳辉,4698
欧尔格力,851769
欧元,4717
欧昌彬,4713
朴树,4721
潘玮柏,4723
Pianoboy高至豪,4726
鹏泊,11974049
品冠,4755
Panta.Q,1050465
潘柯夫,4764
庞龙,4725
彭钧,4759
Pahirdin-Rahman帕合热丁,1041119
平安,4777
帕尔哈提,1024310
PSY.P,29303235
彭于晏,4752
潘广益,1046460
潘松和,1047180
潘长江,4732
潘安邦,4731
彭坦,4722
PoKeR,12080220
潘粤明,12054555
彭昱畅,12145025
潘晓峰,5809
Wanbless,975410
彭飞,1049684
李峥,867021
平远,4761
彭锐,1081420
彭子龙,28387259
蒲巴甲,4733
彭楚粤,13972112
刘森林,1049757
Pudding_PD,31330249
潘雨轩,1077048
橙汁studio,1132712
park,849055
炮哥,14470145
彭健新,4728
彭成,13080326
牌晓亮,30405235
庞晓宇,4757
Peter Lai,4756
派伟俊,1178287
PDP,4776
屁孩 Ryan,28276386
彭柯,4771
潘裕文,4724
潘高峰,797002
潘斌龙,11992123
P2Pover,1132019
Phany,1077015
潘鹏展 ,1039016
彭远扬,4775
潘寅林,686007
Penguin Wang,1124514
Polymath9,1047024
彭冠英,1049209
彭宇星,15023261
潘协庆,4727
飘张,4750
庞明昊,13429083
Chatomato,4778
Peterovic,1075125
彭帅,28391597
潘云安,12121083
咖咖,1038396
FBR,1039859
朴翔,12170246
彭宇,12008095
彭博,935112
潘劲东,4729
彭修文,4744
狍子,12475313
庞飞,13046208
Pancakelee,906049
彭高平,832021
Parkson博彦朝,12869643
彭为,4749
Pipy He,1043454
普乐民,29148357
普布次仁,4736
潘富顷,1081067
片旭·更松塔叶,12331138
潘云峰,228527
彭三,1044270
彭洛,12474781
葡桃,4730
潘军,4738
庞锟,854436
彭亮,4767
朴爱源,31155519
怕黑,4763
Young Jr.,1132869
PEATLE,12107301
培杰,11976085
平川,4786
庞哲,12462045
潘马达,1160037
胖姐瘦弟儿组合,28391220
朴一泽,4765
Jony J,784257
奇然,4873
邱振哲,12279998
祁闻冥轩,30617634
齐秦,4813
秦奋,12775210
乔任梁,4793
前冲,1071024
邱永传,4837
屈原,12776890
秦昊,1047440
乔佳旭,817039
祁圣翰,894026
祁隆,4833
区瑞强,4711
秋野,1043222
邱琢然,1057170
齐士扬,4848
秦立巍,4811
秦子墨,13058501
乔洋,4831
秋裤大叔,1047118
秦博,12007157
权振东,168002
邱锋泽,916042
乔杉,12525569
邱比（CHIU PI）,981008
齐晨,4863
齐峰,4797
邱胜翊,190494
裘盛戎,4829
裘繼戎子千,991161
邱英杰,11975215
七郎,4812
齐.宝力高,4815
Qara Etrapqa,12049173
邱治谐,13056461
秦万民,203034
邱霖Big L,1077018
齐会超,1043142
祺云法师,4851
秦景轩,1088058
区智健ONO,14923036
琪叔,1102124
祁岩,28391569
秦咏,4807
乔乾师,1131007
清云法师,12462405
齐旦布,4809
秦勇,189453
乞丐,12995546
浅蓝,1063018
乔军,900051
曲泉丞,4824
秦旭章,12218115
邱小龙,12441224
谦木,1053113
乔珊,4841
奇志,896234
七手,1089215
崎君,4861
青梅拉萨,13920104
气质傲,12532734
青山,4806
邱虹凯,28103379
乔嘉,4854
秦四风,12213092
祁富贵,12290292
乔振宇,226363
晴天,4828
浅堤,13429295
邱伟林,30035234
qasa,12475335
曲艺,1074004
邱杨,223761
邱泽,4796
祈合,1019302
秦永,4795
乔赫伦,12096248
乔晨,1087673
千草仙,1047241
陆本平,1039227
秦艺天,789928
钱程,12676109
曲迦仁波切,13642211
齐乐,12231097
乔子寒,27696000
青草地,14056282
秦麦洛桑活佛,1193200
七月的大喵,30891220
钱萌生,4802
气质陵晗,12525596
丘沛宸,12311245
青海华少,13226317
齐羽,12136066
齐羽嘉,12598090
邱添,1040020
齐霖,12095133
青岛小强,11976031
强歌,12263065
任贤齐,4895
任浩铭,4923
Riyat.Yusup（热亚提.玉苏甫）,1110009
Robot-Boy,1081483
饶威,12355767
容中尔甲,4883
任嘉伦,12274111
任路加,1019069
任东,1015114
戎祥,4896
Roh,1038361
RPZ,1039251
任宇翔,4926
Thunse,1081769
任和,4919
RYLIA,1063168
任震昊,4908
RPG,625242
任同祥,4905
热西·才让旦,4882
RYOTA 片山凉太,31064307
热亚提,13500622
阮经天,4898
任岩,4893
任重,1036007
Rapen罗仁麒,13057502
任向东,12074191
润土,4902
Ricky Ho,4917
Ronin,28083455
任立佳,12526504
饶宁新,4894
李旭,1081449
饶天亮,4901
阮以伟,4924
Xerls,1027034
仁青宫宝,916051
阮明杰,1089070
rap祥龙,14471196
任承浩,711587
瑞瑞,30530296
蔡小江,12198163
rovinabc,1078327
日波益西仁波切,4892
日京江羽人,4890
日道法师,12409239
阮兆祥,4888
仁科,4881
魜,1132068
任永恒,1049065
Remix Music TV,12131160
任柏儒,12154250
荣星宇,4922
任鲁豫,894015
Helix.T,975738
任健,1132402
Restonia,13197392
刃ASURA,4918
任阳,1040160
任子墨,12053410
任飞扬,861596
RCJacH,12031078
Robin Cised Woffis,1050432
任衍锟,1039206
荣子yJan,1086016
人生感悟,30107404
芮嘉言,12234069
如通居士,12409240
Rabbit-lcc,1132187
软木,1047272
Rise,12142123
Ray Lin,14884059
阮仕春,4920
染辰,27889242
任宏,28390327
EGOBOI,30618283
任鹏,4889
Redkey,99602
RRON,1040031
Talkbox Roc Kit,1063080
荣鑫,1039883
任意门,1116106
瑞彦·迷嘉尔 MIKHAÉL,1192304
Rap大军,12213118
R8o,12031270
任士荣,28390432
RoseKhalifa,1058126
任毅,29151301
任梦良,1039710
Rgry,28085575
任代兵,27694262
Runner,1058236
Rejor,1050397
REVOLVER山猫,1039352
Random Soul,187369
Roger,4884
戎梵,4891
孙悦鸣,1032315
任强,13971038
任军太,4911
Shang,1132749
沈谧仁,1178207
苏琛,1146106
孙楠,4941
三亩地,1044144
孙子涵,5103
孙耀威,4947
smile_小千,797087
宋冬野,5073
苏永康,4948
霄磊,12869694
胜屿,5047
Sbazzo,43515
Galaxy Knight,768266
孙伯纶,5022
苏凡,12184070
石头,5084
宋岳庭,4936
沙宝亮,4942
少恭,1037013
誓言,4959
scaredkrow,12976513
Yoken_Official,1047049
SEVEN TANG,12336312
SynBlazer,1098139
SOCO真,5087
孙晨,12126487
孙方,12870689
苏醒,4938
Keyso寿君超,5106
Soul,1039243
Upuk,1049990
爽子,4935
深七,1159133
斯外戈,28083380
沙皮,1041026
S9ryne ,1039650
Senpai,43884
书泽运,15022274
石进,5039
孙翔,13226089
孙八一,1089111
萨满,190497
苏有朋,4940
苏阳,4934
孙浩,5025
桑吉平措,5158
三木科,5000
SoulFa 灵魂沙发,30110421
山下直人,1047197
沈腾,1156455
诗者言辞,27695967
苏大大,13195159
圣结石,27693606
Silver Strike,12680069
沈震轩,896003
盛一伦,1192515
嵩宇哲Nature,12024179
沈煜伦,12925116
三宝,4943
施文斌,4951
宋捷,5015
孙红雷,12036058
李懋扬(T2o),820276
sususu,12364210
孙国庆,4968
索当珠,13161108
邵洪,12154080
孙浩然,13059449
水月,12024178
舒大卫,1132572
Shepqet,1081895
撒贝宁,5168
邵言,1081875
宋晓峰,1039716
依兴驰,787035
沈天行,30892252
索朗扎西,4964
沈懿,5008
Seanie P,12916043
Satchel,1132060
宋小宝,693018
孙辉,5018
孙晓磊,12031343
孙长老,1041137
税子洺,12122233
三郎,12006015
顺德,1078072
孙晔,5013
史小鹏,1047357
Heki,1132057
孙小宝,4976
孙川,5079
帅霖,818242
师鹏,5005
沈波,1040093
十年时间,1081368
沈文程,4953
沈文裕,5136
沈庆,4937
陶喆,5196
谭咏麟,5205
Tank,5195
唐汉霄,1087592
陶孟童,12492058
Ty.,1086078
陶峻汐,787107
屠洪刚,5200
田羽生,12931942
腾格尔,5198
唐伯虎Annie,1193004
童安格,5197
图特哈蒙,955095
邰正宵,5199
佟大为,5234
唐磊,5206
TSAR,1050510
Terry Zhong,1155005
唐禹哲,5227
谭杰希,5257
泰迪罗宾,5207
脱景麟,12488134
田一龙,5246
T.Song,12602331
TZ,12039096
汤潮,5203
Toby Davis,1050530
谭盾,5243
覃俊毅,13056460
仝卓,31156486
Toryondacloud,12870490
Umvt,1087265
谭炎健,5208
Lonzo,437343
汤子星,5247
唐永海,29151329
覃桢,908122
汤非,5274
Tolein,1039419
田亮,220920
The Lee's,5285
谭水明,1116074
TENG,1032152
佟铁鑫,5238
泰然,5316
田燚,28085237
屠颖,5231
塔斯肯,2000
TopManss,1046418
谭富英,5260
Taikes,1058065
覃元隆,670008
田家达,5232
汀洋,2579
谭炳文,5233
The8,12250256
TONY REY 凯睿,27695662
Traple赵凌峰,13059450
天舞,12975415
陶辰宇,817010
谭旋,962175
Theseus 忒修斯,13500260
TedJon,805086
The Lighters 萊特,15023211
唐人踢,5251
烧包谷,5284
唐建平,5317
田宇杨子,1043219
童孔,5201
TYRX,1132174
谭宝硕,5225
谈欣,5221
Tencent TIMI AUDIO,27692717
NPC,1088056
陶培力,5248
Tz-south,29488468
陶思哲,12409177
檀健次,1039199
Trojanese(魏宇凡）,12067068
铁热沁夫,5252
田娃,187966
汉堡（田野）,222813
Tonino祖力,1057175
谭建建,5277
唐尼,5213
谭耀文,5215
TORO,203383
唐龙,985262
天庥,1011107
田木易,29354330
田宝,1045039
提笔陈词,12289176
田源,12364168
佟梦实,12121259
唐鑫,826350
田校同,1064008
唐音工作室,791155
田振达,1049766
陶十八,5293
田博,1049639
逆流Group,1050140
Uncle Hu,1087332
Ulysses,1087008
UNDERAQUE,1040136
U记仝人,13158027
Cilantro_killer,1050281
USAGii,12675884
Uncle Martin,1039046
Uriah See,30243665
U.G,28390422
UP,237262
artist_id,artist_name
隔壁老樊,12429072
柏松,31876221
薛之谦,5781
林俊杰,3684
陈奕迅,2116
许嵩,5771
颜人中,31376161
en,32220939
沈以诚,12002248
徐秉龙,1197168
李荣浩,4292
华晨宇,861777
林宥嘉,3685
毛不易,12138269
宝石gem,12084497
阿冗,30116848
尚士达,13608761
枯木逢春,30284835
汪苏泷,5538
解忧邵帅,29392693
张学友,6460
王嘉尔,1083118
接个吻，开一枪,12085016
王小帅,29069586
王巨星,32399227
焦迈奇,12084229
Lil Ghost小鬼,12493781
郭顶,2843
永彬Ryan.B,12448205
葛东琪,12136078
尤长靖,13058503
小咪,30616479
cv初恋,33191836
张国荣,6457
赵雷,6731
张杰,6472
巧乐兹,31255686
陈阳,28602303
Ice Paper,12121264
王力宏,5346
福克斯,1199064
李代沫,4393
许巍,5770
张敬轩,6462
王恩信Est,12904290
杨宗纬,6066
井胧,31253654
周杰伦,6452
刘德华,3691
刘聪KEY.L,12788674
浪子康,12570153
朴树,4721
周柏豪,6479
潘玮柏,4723
张宇,6469
王泽科,12091048
陈鸿宇,1058228
王以太,12236125
吕口口,28304831
虎二,12286700
阿虾,31093891
张紫豪,13906123
马良,13609637
周兴哲,980025
林啟得,12003125
吴青峰,187229
张震岳,6453
G2er,12027122
李克勤,3699
Lambert,31668975
BigYear大年,12227290
法老,865007
艾热,1203045
周传雄,6652
Jony J,784257
吴亦凡,964108
徐梦圆,1142042
周深,1030001
马雨阳,826336
萧忆情Alex,1132127
Todd Li,12268138
杨和苏KeyNG,13899303
Ayo97,12287118
千里狗,12538467
摩登兄弟刘宇宁,1094010
陈雪燃,14420803
陶喆,5196
胡彦斌,3066
野区歌神,15060490
蒋蒋,188694
谭咏麟,5205
简弘亦,5001
陈小春,2112
阿'Quan,31093298
周华健,6456
陈泫孝（大泫）,13933117
赵砚卿,32846313
张泽熙,28633062
光泽,12136042
安筱冷,28387245
隔壁老樊,12429072
沈以诚,12002248
徐秉龙,1197168
毛不易,12138269
宝石gem,12084497
阿冗,30116848
尚士达,13608761
枯木逢春,30284835
解忧邵帅,29392693
接个吻，开一枪,12085016
王小帅,29069586
焦迈奇,12084229
巧乐兹,31255686
陈阳,28602303
福克斯,1199064
王恩信Est,12904290
井胧,31253654
刘聪KEY.L,12788674
浪子康,12570153
王以太,12236125
吕口口,28304831
虎二,12286700
阿虾,31093891
张紫豪,13906123
马良,13609637
林啟得,12003125
G2er,12027122
BigYear大年,12227290
艾热,1203045
徐梦圆,1142042
Todd Li,12268138
Ayo97,12287118
千里狗,12538467
野区歌神,15060490
阿'Quan,31093298
张泽熙,28633062
吉野千夜,13449630
隆历奇,12065015
南子,13796614
孟凡明,12270575
大壮,12146142
杜宣达达达,12060040
沈虫虫,12275389
$CC731,1159101
姜鹏Calm,13793914
еяхат музыка,13286745
承利,1140028
可有道,30476442
Abdulla Abdurehim 阿不都拉,30709773
刘思鉴,12798217
逆时针向,12128251
暗杠,1198010
C.vo,12185665
苏靖凯,27906095
崔铭嘉,13681463
排骨教主,12083175
LookedatHerFore,13610762
羽肿,12094419
齐一,1159045
ICE,13145283
张小九,12002056
Corki,14608268
MOMINJAN_ABLIKIM穆明江,12570017
DJ阿超,30600467
YKEY,12083570
广东雨神,12760978
刘炫廷,12157298
张小伙,12699514
巴音汗,12464053
张雪飞,12138252
SeanT肖恩恩,12071015
浪子鹏鹏,30477866
大喜,12270100
ZzHhOoUuZzHhAaNnGgYu,12497529
蔡耀轩,30000267
Lil Jet,12079066
前男友,12287780
田新宇,28611837
栗先达,12027624
李欣龙啊,13113634
马也_Crabbit,13288861
大傻DamnShine,12605500
钱正昊,12118230
黑崎子,12282733
徐真真,12094099
太一,12156137
李佳隆,12079219
Razz_,30129806
周佳顺,12002137
阳山伟伟,12641107
功夫胖KungFuPen,12453329
于大海（于黑蛋）,12460308
邓壬鑫,12306430
新秀,12357157
RoiMarch,29581111
刘莱斯,12205361
Buzzy,12094558
DJ阿福,12050038
AlimjanHasan,12367021
李学仕,12349011
安筱冷,28387245
阿杜,1876
平凡的艾岩,1012032
HAS AThree,1087200
Assen捷,187295
阿木,1881
Atom Panda,12037042
安琥,1879
阿牛,1877
abduwali tohti,1132222
阿信,1875
阿杰729,1106124
艾索,860734
阿鲲,2422
A路人,1132013
爱乐团王超,10998
安来宁,802016
安浩辰,13222299
阿力木江·托合提,1058073
傲日其愣,12441083
阿良良木健,964311
Fumos,1080022
阿金和玄子,14469086
安苏羽,12132566
阿力普,804159
阿见,762462
阿炳,1885
阿来,784443
阿尔法,1102011
阿摩司,1047066
Azoy,1081117
安浩唏,28085543
Allfine,1122109
Andy Mei,12074017
阿宝,1873
AP满人,1919
阿德,1910
阿尔达克,1045019
艾斯卡尔,1886
艾羽,28102547
ANY安伟,13012223
akbar ahmat ziba,1049340
阿穆隆,1888
AJ张杰,6713
安神,1980
阿力木,12054096
阿吉仔,1905
AiPi ,1054175
艾克拜尔·吐尔地,229593
阿里,1893
艾尼瓦尔江,1047377
安东阳,1945
Arivval,12046022
艾文同学,14098477
Akbar Kahriman,1084038
阿沁,1872
阿译,1961
陌逸轩,1053043
阿狸,1039377
AL=六甲官锭,727015
艾山江·木合塔尔,12039231
Alex Hong,12870537
阿清,1912
阿四龙,1021394
AKA道长,1039594
AC周予天,1161024
Annco.Liu,1054144
A3,893266
奥杰阿格,1925
敖日格乐,862110
曹翟,832010
ABSDJHONG,1075100
阿强,1882
安平,854301
阿龙正罡,1906
阿爆,1904
安亚晨,27695719
积木立方,1050612
Kadirya,1060224
阿振,1902
阿尔曼,12108783
阿勇泽让,1907
艾伦,12334206
DJ-Varc,1878
艾克里里,12053547
傲日其楞,12311249
YoungDrake,1054102
Anchoe,1039416
AHJOL''RAHEM HALIP,1039871
李傲然Ao.D.Fish,1072035
Ap,203228
阿影,12203229
安然,12942194
Animal Pop,1081603
安乐阳,1155078
阿普萨萨,677006
敖犬,12263222
Akber,1040062
AseLOrDa,1081930
ANNER,805076
半阳,30405247
白小白,12356407
Bilal Enwer,1039011
布瑞吉Bridge,12493701
毕雯珺,13058487
卜凡,13058488
变奏的梦想,1085053
HAS SAM努尔夏提,839689
白宇,12091076
白举纲,909029
白亮,1084207
白嘉峻,29500595
Braska,1048054
白宁,1050807
冰块先生,1054040
白挺,1047238
Black.Key,12259146
暴林,2098
布仁巴雅尔,2026
波拉,2087
贝汯璘,13059430
白玛多吉,2063
包威尔,1094177
白谭,30530394
拜合提亚bahtiyar aziz,1131033
伯爵,2066
白泽,12263329
包朝克,2033
白敬亭,12041068
百慕三石,2048
薄彩生,816079
贝乐虎,30109388
血男孩,2103
鲍比达,2034
笨笨口琴,1053147
边江,12457194
音墨泽,13568181
博仔,28900233
包胡尔查,1132200
白天不亮,2055
孛儿只斤·包迪,12090249
鲍鹏,12279094
拜尔,2056
B.C.W.懒领阶级,1057198
BlurryCloud,1038371
BrAnTB,12523451
卞留念,2049
巴图,12647412
薄云天,14714187
Viper毒蛇,1044102
Beatsound,2104
白静晨,12817024
贝玛千贝仁波切,2032
BigKey,868113
巴顿,1078363
白菜,14100563
白羽,2060
Ballrockin,1081918
白客,1047011
波比,1032406
毕书尽,2059
白凯南,12263538
包伍,2061
贲小伟,12646188
北疯,14100790
斑辣个马,1060060
巴图,1150216
包贝尔,11992127
白音孟和,2050
BLOW,12108685
白勺,12107259
BackToBand,12344330
卜凡,900335
包青山,1057274
白悟言,12607112
周迪,1060124
Blindman,1040104
北戴河蔡各庄小学合唱团,28085512
北京蓝天艺术合唱小组,29148257
B6,2025
卜文武,12421010
BK532,1087669
边远,1032373
白龙,2071
BuddahKillah,12309204
Bloody Woods,228408
BOWZ 豹子胆,15023268
贝歌,1038088
波仔,1047265
白兮晨,30616567
百灵,13498726
百川,2030
鲍元恺,2073
BEC包子,1047057
白金,2054
Barry,2101
YoungBoyDan,12493121
北木森,27692361
表哥,13706227
Bikman,1065002
陈奕迅,2116
陈鸿宇,1058228
陈雪燃,14420803
陈小春,2112
陈泫孝（大泫）,13933117
陈柏宇,2127
陈硕子,12079044
陈柯宇,12095299
陈百强,2115
CLOUDWANG 王云,12131566
侧田,2117
陈势安,2201
陈立农,13056440
陈威全,2199
蔡旻佑,2121
陈翔,2331
曹格,2110
丛铭君,12634049
陈楚生,2124
成龙,2118
Candy_Wind,1084178
陈冠蒲,2150
R7CKY,1044054
陈学冬,963409
陈信喆,12132471
曹轩宾,2159
陈鹏杰,189379
茶茶,1038074
陈冠希,2122
陈光荣,2294
CORSAK,28083351
Cee,31055
崔健,2111
崔伟立,14100493
蔡国权,2130
陈致逸,963431
常石磊,2153
陈红鲤,12879051
陈晓东,2125
船长,2338
传琦SAMA,1043290
CG,14470079
曾一鸣,6557
陈旭,2147
车继铃,2113
陈飞宇,12474254
陈勋奇,2135
蔡威泽,13228454
陈奕夫,964450
陈雷,2141
陈坤,2134
川子,2131
CARTA,12023426
陈伟霆,2164
陈柏霖,12010027
曾志伟,6608
蔡维泽,28103230
陈其钢,2202
曾志豪,6862
陈俊彤,168021
Chace,1041027
曹方瑞,12312092
陈亮,224360
林童学,28085360
曾经艺也,900139
陈少华,2209
陈浩民,2138
曹越,2414
崔京浩,2276
蔡方萌,1046063
蔡照,1132979
曹思义,1043304
曹槽,941023
陈晓,826307
曹秦,2448
陈劭康KOMIC,2428
蔡国庆,2119
程池,2336
陈令韬,854358
曹寅,168042
岑先生,29150296
茶季杨,1014024
蔡志展,2375
厨房仔,1149014
陈知&游园惊梦,1152025
才让东珠,958173
崔跃文,991003
陈赫,727005
陈奂仁,2133
陈底里,2174
陈百潭,2278
陈玮镔,12488046
陈零九,2348
陈雅森,2230
陈彦希REGI,14713124
崔忠华,12617485
春雷,2224
曾航生,6521
崔鹏,1049254
陈泽鑫,13080644
雷智皓,12059017
DP龙猪,12333145
董又霖,12054456
迪克牛仔,2516
大张伟,2524
DJ马哥,12250324
戴荃,791534
dj,12291332
队长,1143033
浩宝,1135138
邓伦,12440042
东南,671001
Dough-Boy,1203015
东篱,2699
蛋堡,2514
邓超,2623
Dizkar (地磁卡）,28072811
刀郎,2517
豆心,12902436
窦唯,2515
大鹏,188681
多亮,2607
杜德伟,2522
DELA,1088061
冬子,896942
董昱昆,1087662
东来东往,2518
丁泽仁,13058489
邓川,2617
杜佳阳,12787446
杜海涛,189918
大星,12629402
丁可,2569
冬子,2513
DJ建斌,1053107
DJ张扬,1038381
旦增尼玛,28083561
丁于,2545
单色凌,5068
DJ阿奇,12194338
大哲,2614
代理仁,2632
单海锋,927045
邓烺怡,13056441
丁世光,12894239
董子健,12273260
烛鷷大魔王,1049022
德格叶,1057162
大冰,2578
大一学长,27695243
DJ宝贝,2527
蛋卷,1079143
东山少爷,2520
DJ,12154277
戴玉强,2525
杜歌,783379
董冬冬,947023
邓健泓,2531
邓力玮,12311533
董运昌,2519
于亮,1050280
DJ YiXiu ,1025229
迪迪,30618393
Mr-Brilliance,1060122
刁寒,2528
丁冠森,12040073
邓伟标,2521
杜天皓,12046643
大琴师音乐游戏,1058138
窦智孔,2562
CHYUCE,1075130
杜聪,2548
单小源,2591
狄奥尼索斯,11428
丁一潇,12202469
杜青,12048310
DjCore,1039543
DJ小杨,1055010
狄易达,2888
邓鼓,12137020
旦增才让,12810118
杜淳,2675
Dark Moon,1097163
滇津喇嘛,13497827
敌门,1085030
丁汀,2605
窦鹏,2526
dj皇家礼炮,1066056
DJ小鱼儿,1137192
段星宇,28083320
段宜恩,12047840
丁乔,955037
邓典,28083231
丁炜,2682
戴凤鑫,1046175
豆腐P,12107621
旦旦,896569
癫癫癫,31153662
Digifan,990092
大震,12566301
蔡翊昇,189955
哦漏,1085108
eliaqsopa,1039899
贰佰,896894
二龙湖浩哥,1192402
EDIQ,2714
Evis Wy,12370200
Elvins.J,1043383
EdJean,966153
Elfar,1089203
二文,2727
二亮哥,12263011
enderdz,1040044
ETIRAZ,1046270
二凉,905634
EACH9,1050341
EDEN,1019328
冉明阳,1049900
贰贝勒J.Forest,2720
“阿兰姐”,1080049
Egil Ellevill,12263400
Eveight,981041
Ezfic,2723
Easy Mind,816055
二辰,13195211
EDMarco,1053149
EXIA,1050576
治静E.N,905009
诶姆,2716
EC一平,12871192
Empty ORio,13971421
Eric Song,12404124
贰鹏,29356229
EAT扬扬,30109512
二龙,1050175
Eugene Pao,2730
EazyToo,2735
Entspannung Pur,30110310
Emily Hsieh,30617579
二夫,27888574
Ethan,30616419
EryXDY,1093034
Erick Blu,12743011
Electronic Dance Music,1047206
二飞,12332127
换号中bigbus,1031114
耳机,12170031
二向柚,975774
ElectronOscillator,1073043
enlil,2718
EI身份证,1039919
恩炀,2710
Emxi,1039579
ev,29356296
一针见喜,1038223
恩佐,28390340
E-Van,31153477
鹅王章祥福,27888504
Eudaimony,30109289
E&M经贸民谣,14099080
Enyx,29302237
Eggace,12492296
二少爷爷,27693297
俄比尔古,12213188
尔冬明,12403137
儿时玩具,1054116
ERIC,12363201
E.D.J HyunYu,1049964
EY魂,12074153
EC Robot,1039900
Eric,1135273
ElectricGirl,1039360
FM97-28,1049701
二宝,2728
耳东 ,1043309
E歌,2724
二玩家,938073
eclove23,2721
Ethen Chen,2717
法老,865007
方大同,2738
枫宇辰,12213335
费启鸣,30035218
范丞丞,13056442
费玉清,2747
方泂镔,2742
伏仪,12028291
方力申,2739
樊凡,2775
方磊,1163007
风子,1032016
范世錡,12356808
枫叶,27694696
范逸臣,2736
符家浚,956281
房祖名,2741
Fcyco,1024309
HAO付豪,1038367
付笛声,2768
coco这个李文,1085058
费翔,2743
冯佳界,957020
甫平,1081940
付辛博,2791
李汶峰,1020150
冯建宇,1132196
程渤智,842003
方洋飞,30892253
Firah,1081292
冯翰铭,228462
付浩天,1131048
冯晓泉,2754
樊少华,2793
冯绍峰,2816
范圣琦,2749
傅聪,2740
房亮亮,12202478
肥宝,2802
梵墨,1025042
林屿森LIN,1078032
方锦龙,2752
方逸伦,12644597
范恩,1043488
Forkyrie,1039404
冯巩,896230
范星光,2829
范宗沛,2737
范思威,2764
方毅,1084058
符致逸,2777
佛山DJ明仔,4544
房岩,13840462
冯德伦,2753
范忆堂,862024
付飞社,28391507
FreeT,30316233
冯言,2778
冯乔,2758
费清波,12451181
封浩彦MACKYO,4546
范振锋,2765
冯小波,1049257
方奕,2762
傅振辉,2757
FZ.方丈,12430082
范睿,2786
付豪,2827
绯太子,12325107
吠人,12250285
翻唱群星,13683991
Ferrison,1047027
FACEVÔID,1057234
肥坨坨FatToc,1124320
冯允谦,725039
冯舆轩,28387442
Fattwo,1022050
FOM,1115016
冯果,12006244
冯傑龙,12332149
飞翔,2839
冯博,1041080
Faber,2788
范圣霖,2803
冯泽雨,2813
付一珩,12289150
Finn,2750
浮克,2761
傅松,818227
冯光,1016120
冯磊,2792
冯伟棠,2769
RocketBunny-火箭兔,30107315
符号,1047302
冯达,28391606
方书剑,31153490
浮游人-TonY,787065
Ca$hFlow,809018
傅超华,12023140
冯驿芙,11993031
郭顶,2843
葛东琪,12136078
光泽,12136042
古巨基,2849
GAI周延,1211046
光良,2842
G.G(张思源),12050057
鬼卞,1008034
郭旭,1044203
宫阁,12023517
郭富城,2852
苟瀚中,5311
关喆,2868
高尔宣,13497197
葛林,168010
Gill Chang,1177230
梁根荣,12213153
高安,2963
关大洲,13080288
郭德纲,2922
跟风超人,13058582
郭峰,2848
关楚耀,2861
高进,2863
顾峰,2874
高文强,1124172
关正杰,2853
GNS耀耀,1041024
甘仕良,2870
国风Dom.T,12399037
根呷,2959
郭子睿,11974118
谷嘉诚,13973042
高林生,2892
官鸿,27889345
国蛋,2947
郭一凡,2987
高泰宇,12197292
高枫,2856
龚一,2862
管平湖,2859
顾嘉辉,2850
古天乐,2844
尕让邓真,2994
高铭,1049033
高明骏,2846
023 GC,13228424
郭少杰,3007
郭子,2851
郭思达,12998047
高火火,12931831
谷江山,13497261
国哥,27695695
光合唱片,1043146
高旗,12023557
高鹏,2953
光头李进,2885
葛平,2981
哏德全,2867
郭浩男,2875
顾稚蔚,1132850
谷柏杉,820439
郭麒麟,12332258
高晓攀,12475595
高正洋,3042
格茸农布,2962
高向鹏,2887
郭伟亮,2847
顾振遐,30315465
格杰白玛,2979
高夫,2928
刮刮乐,2946
高凌风,2857
顾海滨,2878
过江龙,3020
关力瑒,12370146
官云康,1137380
高信,3029
郭纯,1053246
关德辉,2872
郭炳坚,2912
高晓松,2841
高英杰,187480
关峡,2931
郭颂,2911
郭京飞,1049027
关泽楠,2969
广智,2871
GrymeMan,975574
恭硕良,2890
歌浴森,2945
郭力,30472245
葛笑,12073830
关贵敏,2899
高华阳,12274269
嘎玛西周,905095
高韶青,2960
Gordon扬豆仔,908209
GIGEL张津铭,13059434
关栋天,3031
华晨宇,861777
胡彦斌,3066
胡歌,3064
黄旭,12065096
河图,3249
Hanser,1049179
韩安旭,1177014
RA,12598950
胡夏,3273
郝云,3071
黄义达,3063
回音哥,3348
黄凯芹,3073
何野,30471284
后弦,3058
霍尊,3415
黄品源,3079
黄子韬,1025202
黄明志,3256
海来阿木,13159024
黄勇,3421
胡伟立,3081
韩磊,3072
黑龙,3118
海鸣威,3086
黑羊,1011192
韩庚,3272
洪尘,1006030
韩沐伯,12773144
黄雨篱,1081579
胡碧乔,1049349
黄霑,3059
黄玠,3070
黄艺明,3337
洪楗华,3224
黄榕生,12488022
何流,839761
黄安,3082
黄渤,3255
黄晓明,3094
韩寒,3085
胡鸿钧,3330
浩纹,12915311
黄礼格,1019154
晃儿,3307
黄新淳,13059437
贺一航,3181
霍建华,3120
海生,3311
胡蒎,12598388
何炅,3090
黄英华,3322
黄宗泽,3126
黄征,3093
Ghayrat Mahmut,1081917
黄家强,3116
何东东,13059435
洪雨雷,12487019
何柏诚,12379051
浩天,1182797
黄贯中,3080
火火兔,13972353
黄阅,3121
呼斯楞,3259
Howie Lee,94064
何润东,3112
何崇志,3378
火风,3250
何大河,1181165
胡兵,3162
洪启,3069
何星烁RapStar,1039086
侯明昊,12073309
何石,30617412
黄大炜,3068
胡德夫,3056
贺西格,3096
黄鹤翔,3166
黄国俊,3123
何晟铭,3276
何训田,3075
侯旭,3146
黄秋生,3076
韩毅,12458021
黄立行,3065
涵昱,1006027
黄磊,3061
慧普法师,3210
和弦,1081256
黄平,3424
前后动机直升机组合,1068009
何勇,3055
何鹏,3362
Jason Huang,1050409
韩雍杰,13056444
胡一天,12796041
海哲明,3408
黄书豪,13056448
灰原穷,3317
荷叶,12727068
ilem,11975111
Iceloki,1132544
iMoon,1038374
impossibleChuck,11987075
InfiniteMusic,956418
iCsuo,1047333
Isaac Yong,31524954
imeatART,900332
I N K 本墨导窒,133386
ilham丁丁,1039978
iimmune,1083022
IANNE,1039395
ibinbao,1031042
ianbird 吴冠亨,28085491
Inbellum,820494
"I,Defiance",1000135
iiiis,3438
Ian Yu,28390292
illusory李虚无,29356237
ins白日说唱家,13738116
IL CANTO,13707529
Imc王辰,12263528
Infernal Chaos,13430213
Izumi koga,1161208
Ilya Ai Wei,1050737
irevan,1081840
IMAGINE,1039393
Inspiration Crowd,1049076
Intangible Ism,3445
IMCUICUI,1044068
Impractical Scraps,1031052
